Workbook
Name code_layer_0: Blueprint!$BR$20
Name code_layer_0: Blueprint_ep1!#REF!
Name code_layer_0: Blueprint_inference!#REF!
Name code_layer_1: Blueprint!$BR$21
Name code_layer_1: Blueprint_ep1!#REF!
Name code_layer_1: Blueprint_inference!#REF!
Name code_layer_10: Blueprint!$BR$30
Name code_layer_10: Blueprint_ep1!#REF!
Name code_layer_10: Blueprint_inference!#REF!
Name code_layer_11: Blueprint!$BR$33
Name code_layer_11: Blueprint_ep1!#REF!
Name code_layer_11: Blueprint_inference!#REF!
Name code_layer_12: Blueprint!$BR$33
Name code_layer_12: Blueprint_ep1!#REF!
Name code_layer_12: Blueprint_inference!#REF!
Name code_layer_2: Blueprint!$BR$22
Name code_layer_2: Blueprint_ep1!#REF!
Name code_layer_2: Blueprint_inference!#REF!
Name code_layer_3: Blueprint!$BR$23
Name code_layer_3: Blueprint_ep1!#REF!
Name code_layer_3: Blueprint_inference!#REF!
Name code_layer_4: Blueprint!$BR$24
Name code_layer_4: Blueprint_ep1!#REF!
Name code_layer_4: Blueprint_inference!#REF!
Name code_layer_5: Blueprint!$BR$25
Name code_layer_5: Blueprint_ep1!#REF!
Name code_layer_5: Blueprint_inference!#REF!
Name code_layer_6: Blueprint!$BR$26
Name code_layer_6: Blueprint_ep1!#REF!
Name code_layer_6: Blueprint_inference!#REF!
Name code_layer_7: Blueprint!$BR$27
Name code_layer_7: Blueprint_ep1!#REF!
Name code_layer_7: Blueprint_inference!#REF!
Name code_layer_8: Blueprint!$BR$28
Name code_layer_8: Blueprint_ep1!#REF!
Name code_layer_8: Blueprint_inference!#REF!
Name code_layer_9: Blueprint!$BR$29
Name code_layer_9: Blueprint_ep1!#REF!
Name code_layer_9: Blueprint_inference!#REF!
Name dashboard_grad_summary: Dashboard!$BC$36
Name dashboard_gradients: Dashboard!$AN$4
Name dashboard_list: Dashboard!$B$4
Name dashboard_loss: Dashboard!$K$4
Name dashboard_weights: Dashboard!$K$36
Name dW_0: Blueprint!$AM$29:$AT$32
Name dW_0: Blueprint_ep1!$AM$29:$AT$32
Name dW_0: Blueprint_inference!$AM$29:$AT$32
Name dW_3: Blueprint!$AM$69:$AQ$78
Name dW_3: Blueprint_ep1!$AM$69:$AQ$78
Name dW_3: Blueprint_inference!$AM$69:$AQ$78
Name dW_5: Blueprint!$AM$120:$AW$127
Name dW_5: Blueprint_ep1!$AM$120:$AW$127
Name dW_5: Blueprint_inference!$AM$120:$AW$127
Name dW_9: Blueprint!$AM$196:$AU$205
Name dW_9: Blueprint_ep1!$AM$196:$AU$205
Name dW_9: Blueprint_inference!$AM$196:$AU$205
Name erf_1: Blueprint!$P$37:$R$40
Name erf_1: Blueprint_ep1!$P$37:$R$40
Name erf_1: Blueprint_inference!$P$37:$R$40
Name erf_10: Blueprint!$P$210:$R$219

Sheet Architect
B1: ✍️ Architect
B4: Layers ↓ | C4: Dims ↓ | D4: Batch ↓ | G4: Backprop? ↓ | H4: Epochs ↓
A5: input ⟶ | B5: Rand | C5: 7 | D5: 3 | G5: TRUE | H5: 2 | P5: 255 | Q5: 255 | R5: 255 | S5: 255 | T5: 255 | U5: 255 | V5: 255 | W5: 255 | X5: 255 | Y5: 255 | Z5: 255 | AA5: 255 | AB5: 255 | AC5: 255 | AD5: 255 | AE5: 255 | AF5: 255 | AG5: 255 | AH5: 255 | AI5: 255 | AJ5: 255 | AK5: 255 | AL5: 255 | AM5: 255 | AN5: 255 | AO5: 255 | AP5: 255 | AQ5: 255 | AR5: 255 | AS5: 255 | AT5: 255 | AU5: 255 | AV5: 255 | AW5: 255 | AX5: 255 | AY5: 255 | AZ5: 255 | BA5: 255 | BB5: 255 | BC5: 255 | BD5: 255 | BE5: 255 | BF5: 255 | BG5: 255 | BH5: 255 | BI5: 255 | BJ5: 255 | BK5: 255
B6: Linear | C6: 4 | E6: =HYPERLINK("#Blueprint!X_0", "↓") -> ↓ | P6: 255 | Q6: 255 | R6: 255 | S6: 255 | T6: 255 | U6: 255 | V6: 255 | W6: 255 | X6: 255 | Y6: 255 | Z6: 255 | AA6: 255 | AB6: 255 | AC6: 255 | AD6: 255 | AE6: 255 | AF6: 255 | AG6: 255 | AH6: 255 | AI6: 255 | AJ6: 255 | AK6: 255 | AL6: 255 | AM6: 255 | AN6: 255 | AO6: 255 | AP6: 255 | AQ6: 255 | AR6: 255 | AS6: 255 | AT6: 255 | AU6: 255 | AV6: 255 | AW6: 255 | AX6: 255 | AY6: 255 | AZ6: 255 | BA6: 255 | BB6: 255 | BC6: 255 | BD6: 255 | BE6: 255 | BF6: 255 | BG6: 255 | BH6: 255 | BI6: 255 | BJ6: 255 | BK6: 255
B7: GELU | E7: =HYPERLINK("#Blueprint!X_1", "↓") -> ↓ | F7: ↑ | G7: =HYPERLINK("#Blueprint!X", "📌 Blueprint Tab") -> 📌 Blueprint Tab | P7: 255 | Q7: 255 | R7: 255 | S7: 255 | T7: 255 | U7: 255 | V7: 255 | W7: 255 | X7: 255 | Y7: 255 | Z7: 255 | AA7: 255 | AB7: 255 | AC7: 255 | AD7: 255 | AE7: 255 | AF7: 255 | AG7: 163 | AH7: 188 | AI7: 255 | AJ7: 255 | AK7: 255 | AL7: 255 | AM7: 236 | AN7: 186 | AO7: 255 | AP7: 255 | AQ7: 255 | AR7: 255 | AS7: 255 | AT7: 255 | AU7: 255 | AV7: 255 | AW7: 255 | AX7: 255 | AY7: 255 | AZ7: 255 | BA7: 255 | BB7: 255 | BC7: 255 | BD7: 255 | BE7: 255 | BF7: 255 | BG7: 255 | BH7: 255 | BI7: 255 | BJ7: 255 | BK7: 255
B8: Tanh | E8: =HYPERLINK("#Blueprint!X_2", "↓") -> ↓ | F8: ↑ | G8: =HYPERLINK("#Blueprint!torchcode", "📌 PyTorch Code") -> 📌 PyTorch Code | P8: 255 | Q8: 255 | R8: 255 | S8: 247 | T8: 132 | U8: 186 | V8: 255 | W8: 255 | X8: 255 | Y8: 255 | Z8: 255 | AA8: 255 | AB8: 255 | AC8: 255 | AD8: 255 | AE8: 255 | AF8: 255 | AG8: 131 | AH8: 137 | AI8: 255 | AJ8: 255 | AK8: 255 | AL8: 255 | AM8: 215 | AN8: 46 | AO8: 239 | AP8: 255 | AQ8: 255 | AR8: 204 | AS8: 222 | AT8: 255 | AU8: 255 | AV8: 255 | AW8: 255 | AX8: 255 | AY8: 255 | AZ8: 255 | BA8: 255 | BB8: 255 | BC8: 255 | BD8: 255 | BE8: 255 | BF8: 255 | BG8: 232 | BH8: 196 | BI8: 255 | BJ8: 255 | BK8: 255
B9: Linear | C9: 10 | E9: =HYPERLINK("#Blueprint!X_3", "↓") -> ↓ | F9: ↑ | G9: =HYPERLINK("#Blueprint_ep1!X", "📌 Blueprint Epoch 1 Tab") -> 📌 Blueprint Epoch 1 Tab | P9: 255 | Q9: 255 | R9: 255 | S9: 205 | T9: 5 | U9: 80 | V9: 255 | W9: 255 | X9: 255 | Y9: 255 | Z9: 255 | AA9: 255 | AB9: 255 | AC9: 255 | AD9: 255 | AE9: 255 | AF9: 255 | AG9: 156 | AH9: 128 | AI9: 255 | AJ9: 255 | AK9: 255 | AL9: 255 | AM9: 255 | AN9: 227 | AO9: 251 | AP9: 255 | AQ9: 255 | AR9: 101 | AS9: 187 | AT9: 255 | AU9: 255 | AV9: 255 | AW9: 255 | AX9: 255 | AY9: 255 | AZ9: 255 | BA9: 255 | BB9: 255 | BC9: 255 | BD9: 255 | BE9: 255 | BF9: 255 | BG9: 169 | BH9: 117 | BI9: 255 | BJ9: 255 | BK9: 255
B10: Tanh | E10: =HYPERLINK("#Blueprint!X_4", "↓") -> ↓ | F10: ↑ | G10: =HYPERLINK("#Blueprint_inference!X", "📌 Blueprint Inference Tab") -> 📌 Blueprint Inference Tab | P10: 255 | Q10: 255 | R10: 255 | S10: 157 | T10: 108 | U10: 79 | V10: 228 | W10: 255 | X10: 255 | Y10: 255 | Z10: 255 | AA10: 254 | AB10: 255 | AC10: 255 | AD10: 255 | AE10: 194 | AF10: 243 | AG10: 169 | AH10: 121 | AI10: 255 | AJ10: 255 | AK10: 227 | AL10: 252 | AM10: 255 | AN10: 254 | AO10: 255 | AP10: 255 | AQ10: 255 | AR10: 94 | AS10: 203 | AT10: 255 | AU10: 255 | AV10: 255 | AW10: 255 | AX10: 255 | AY10: 251 | AZ10: 255 | BA10: 255 | BB10: 255 | BC10: 210 | BD10: 220 | BE10: 255 | BF10: 255 | BG10: 156 | BH10: 135 | BI10: 255 | BJ10: 255 | BK10: 255
B11: Linear | C11: 8 | E11: =HYPERLINK("#Blueprint!X_5", "↓") -> ↓ | F11: ↑ | G11: =HYPERLINK("#Dashboard!A1", "📌 Dashboard Tab") -> 📌 Dashboard Tab | P11: 255 | Q11: 255 | R11: 255 | S11: 116 | T11: 178 | U11: 119 | V11: 180 | W11: 255 | X11: 215 | Y11: 197 | Z11: 232 | AA11: 53 | AB11: 163 | AC11: 255 | AD11: 182 | AE11: 4 | AF11: 153 | AG11: 186 | AH11: 116 | AI11: 255 | AJ11: 210 | AK11: 18 | AL11: 178 | AM11: 255 | AN11: 113 | AO11: 231 | AP11: 255 | AQ11: 255 | AR11: 97 | AS11: 211 | AT11: 255 | AU11: 225 | AV11: 255 | AW11: 241 | AX11: 79 | AY11: 48 | AZ11: 223 | BA11: 255 | BB11: 228 | BC11: 20 | BD11: 80 | BE11: 254 | BF11: 255 | BG11: 158 | BH11: 140 | BI11: 255 | BJ11: 230 | BK11: 248
B12: Tanh | E12: =HYPERLINK("#Blueprint!X_6", "↓") -> ↓ | F12: ↑ | G12: ✅ Done! | P12: 255 | Q12: 255 | R12: 255 | S12: 87 | T12: 220 | U12: 163 | V12: 134 | W12: 255 | X12: 163 | Y12: 118 | Z12: 125 | AA12: 69 | AB12: 82 | AC12: 255 | AD12: 71 | AE12: 131 | AF12: 142 | AG12: 192 | AH12: 113 | AI12: 255 | AJ12: 106 | AK12: 99 | AL12: 113 | AM12: 255 | AN12: 76 | AO12: 215 | AP12: 255 | AQ12: 255 | AR12: 100 | AS12: 140 | AT12: 96 | AU12: 52 | AV12: 255 | AW12: 111 | AX12: 122 | AY12: 87 | AZ12: 165 | BA12: 255 | BB12: 123 | BC12: 102 | BD12: 116 | BE12: 255 | BF12: 255 | BG12: 165 | BH12: 100 | BI12: 129 | BJ12: 28 | BK12: 208
B13: ReLU | E13: =HYPERLINK("#Blueprint!X_7", "↓") -> ↓ | F13: ↑ | P13: 255 | Q13: 255 | R13: 244 | S13: 79 | T13: 253 | U13: 209 | V13: 96 | W13: 238 | X13: 173 | Y13: 82 | Z13: 102 | AA13: 246 | AB13: 226 | AC13: 213 | AD13: 65 | AE13: 243 | AF13: 223 | AG13: 193 | AH13: 115 | AI13: 235 | AJ13: 88 | AK13: 227 | AL13: 93 | AM13: 255 | AN13: 86 | AO13: 209 | AP13: 157 | AQ13: 80 | AR13: 15 | AS13: 19 | AT13: 68 | AU13: 169 | AV13: 221 | AW13: 89 | AX13: 210 | AY13: 57 | AZ13: 220 | BA13: 249 | BB13: 61 | BC13: 220 | BD13: 217 | BE13: 185 | BF13: 104 | BG13: 31 | BH13: 10 | BI13: 49 | BJ13: 127 | BK13: 244
B14: GELU | E14: =HYPERLINK("#Blueprint!X_8", "↓") -> ↓ | F14: ↑ | P14: 255 | Q14: 255 | R14: 222 | S14: 86 | T14: 214 | U14: 138 | V14: 17 | W14: 86 | X14: 186 | Y14: 19 | Z14: 166 | AA14: 255 | AB14: 255 | AC14: 145 | AD14: 124 | AE14: 255 | AF14: 255 | AG14: 195 | AH14: 121 | AI14: 167 | AJ14: 141 | AK14: 246 | AL14: 88 | AM14: 255 | AN14: 94 | AO14: 200 | AP14: 69 | AQ14: 105 | AR14: 65 | AS14: 184 | AT14: 255 | AU14: 255 | AV14: 151 | AW14: 43 | AX14: 43 | AY14: 172 | AZ14: 255 | BA14: 206 | BB14: 75 | BC14: 255 | BD14: 255 | BE14: 114 | BF14: 78 | BG14: 96 | BH14: 116 | BI14: 255 | BJ14: 255 | BK14: 255
B15: Linear | C15: 10 | E15: =HYPERLINK("#Blueprint!X_9", "↓") -> ↓ | F15: ↑ | P15: 252 | Q15: 195 | R15: 94 | S15: 8 | T15: 17 | U15: 39 | V15: 25 | W15: 185 | X15: 192 | Y15: 12 | Z15: 230 | AA15: 255 | AB15: 255 | AC15: 95 | AD15: 183 | AE15: 255 | AF15: 246 | AG15: 193 | AH15: 120 | AI15: 108 | AJ15: 206 | AK15: 244 | AL15: 87 | AM15: 255 | AN15: 98 | AO15: 215 | AP15: 255 | AQ15: 255 | AR15: 106 | AS15: 192 | AT15: 255 | AU15: 255 | AV15: 95 | AW15: 95 | AX15: 218 | AY15: 255 | AZ15: 209 | BA15: 142 | BB15: 123 | BC15: 255 | BD15: 251 | BE15: 245 | BF15: 255 | BG15: 175 | BH15: 123 | BI15: 255 | BJ15: 255 | BK15: 255
B16: GELU | E16: =HYPERLINK("#Blueprint!X_10", "↓") -> ↓ | F16: ↑ | P16: 216 | Q16: 15 | R16: 7 | S16: 114 | T16: 213 | U16: 250 | V16: 85 | W16: 218 | X16: 189 | Y16: 67 | Z16: 255 | AA16: 255 | AB16: 252 | AC16: 72 | AD16: 223 | AE16: 255 | AF16: 135 | AG16: 181 | AH16: 100 | AI16: 92 | AJ16: 249 | AK16: 239 | AL16: 86 | AM16: 255 | AN16: 104 | AO16: 213 | AP16: 255 | AQ16: 255 | AR16: 105 | AS16: 187 | AT16: 255 | AU16: 255 | AV16: 74 | AW16: 220 | AX16: 255 | AY16: 252 | AZ16: 130 | BA16: 102 | BB16: 169 | BC16: 255 | BD16: 163 | BE16: 191 | BF16: 255 | BG16: 172 | BH16: 118 | BI16: 255 | BJ16: 255 | BK16: 255
B17: Softmax | E17: =HYPERLINK("#Blueprint!X_11", "↓") -> ↓ | F17: ↑ | P17: 246 | Q17: 214 | R17: 75 | S17: 212 | T17: 255 | U17: 255 | V17: 104 | W17: 185 | X17: 192 | Y17: 110 | Z17: 255 | AA17: 255 | AB17: 238 | AC17: 71 | AD17: 251 | AE17: 201 | AF17: 119 | AG17: 219 | AH17: 52 | AI17: 120 | AJ17: 255 | AK17: 237 | AL17: 82 | AM17: 255 | AN17: 110 | AO17: 208 | AP17: 255 | AQ17: 255 | AR17: 111 | AS17: 180 | AT17: 255 | AU17: 254 | AV17: 67 | AW17: 218 | AX17: 255 | AY17: 203 | AZ17: 126 | BA17: 97 | BB17: 204 | BC17: 244 | BD17: 92 | BE17: 241 | BF17: 255 | BG17: 179 | BH17: 112 | BI17: 255 | BJ17: 255 | BK17: 255
B18: CELoss | E18: =HYPERLINK("#Blueprint!L_12", "↓") -> ↓ | P18: 255 | Q18: 241 | R18: 64 | S18: 242 | T18: 255 | U18: 255 | V18: 126 | W18: 157 | X18: 197 | Y18: 103 | Z18: 255 | AA18: 255 | AB18: 233 | AC18: 71 | AD18: 240 | AE18: 83 | AF18: 214 | AG18: 224 | AH18: 8 | AI18: 174 | AJ18: 255 | AK18: 235 | AL18: 77 | AM18: 255 | AN18: 115 | AO18: 196 | AP18: 255 | AQ18: 255 | AR18: 120 | AS18: 168 | AT18: 255 | AU18: 255 | AV18: 70 | AW18: 166 | AX18: 248 | AY18: 87 | AZ18: 194 | BA18: 89 | BB18: 214 | BC18: 126 | BD18: 155 | BE18: 255 | BF18: 255 | BG18: 189 | BH18: 101 | BI18: 255 | BJ18: 255 | BK18: 255
P19: 255 | Q19: 196 | R19: 79 | S19: 255 | T19: 255 | U19: 255 | V19: 151 | W19: 124 | X19: 205 | Y19: 90 | Z19: 255 | AA19: 255 | AB19: 251 | AC19: 62 | AD19: 34 | AE19: 126 | AF19: 255 | AG19: 219 | AH19: 23 | AI19: 224 | AJ19: 255 | AK19: 232 | AL19: 71 | AM19: 255 | AN19: 120 | AO19: 173 | AP19: 255 | AQ19: 255 | AR19: 134 | AS19: 130 | AT19: 255 | AU19: 255 | AV19: 149 | AW19: 10 | AX19: 34 | AY19: 86 | AZ19: 255 | BA19: 117 | BB19: 34 | BC19: 75 | BD19: 249 | BE19: 255 | BF19: 255 | BG19: 206 | BH19: 70 | BI19: 254 | BJ19: 255 | BK19: 255
P20: 255 | Q20: 146 | R20: 116 | S20: 255 | T20: 255 | U20: 255 | V20: 181 | W20: 84 | X20: 228 | Y20: 143 | Z20: 255 | AA20: 255 | AB20: 255 | AC20: 189 | AD20: 128 | AE20: 249 | AF20: 255 | AG20: 215 | AH20: 63 | AI20: 252 | AJ20: 255 | AK20: 229 | AL20: 69 | AM20: 255 | AN20: 163 | AO20: 182 | AP20: 255 | AQ20: 255 | AR20: 190 | AS20: 164 | AT20: 255 | AU20: 255 | AV20: 250 | AW20: 138 | AX20: 121 | AY20: 239 | AZ20: 255 | BA20: 225 | BB20: 118 | BC20: 226 | BD20: 255 | BE20: 255 | BF20: 255 | BG20: 235 | BH20: 130 | BI20: 254 | BJ20: 255 | BK20: 255
P21: 255 | Q21: 92 | R21: 158 | S21: 255 | T21: 255 | U21: 255 | V21: 232 | W21: 166 | X21: 255 | Y21: 255 | Z21: 255 | AA21: 255 | AB21: 255 | AC21: 255 | AD21: 255 | AE21: 255 | AF21: 255 | AG21: 238 | AH21: 190 | AI21: 255 | AJ21: 255 | AK21: 249 | AL21: 211 | AM21: 255 | AN21: 254 | AO21: 254 | AP21: 255 | AQ21: 255 | AR21: 255 | AS21: 255 | AT21: 255 | AU21: 255 | AV21: 255 | AW21: 255 | AX21: 255 | AY21: 255 | AZ21: 255 | BA21: 255 | BB21: 255 | BC21: 255 | BD21: 255 | BE21: 255 | BF21: 255 | BG21: 255 | BH21: 255 | BI21: 255 | BJ21: 255 | BK21: 255
P22: 255 | Q22: 142 | R22: 216 | S22: 255 | T22: 255 | U22: 255 | V22: 255 | W22: 255 | X22: 255 | Y22: 255 | Z22: 255 | AA22: 255 | AB22: 255 | AC22: 255 | AD22: 255 | AE22: 255 | AF22: 255 | AG22: 255 | AH22: 255 | AI22: 255 | AJ22: 255 | AK22: 255 | AL22: 255 | AM22: 255 | AN22: 255 | AO22: 255 | AP22: 255 | AQ22: 255 | AR22: 255 | AS22: 255 | AT22: 255 | AU22: 255 | AV22: 255 | AW22: 255 | AX22: 255 | AY22: 255 | AZ22: 255 | BA22: 255 | BB22: 255 | BC22: 255 | BD22: 255 | BE22: 255 | BF22: 255 | BG22: 255 | BH22: 255 | BI22: 255 | BJ22: 255 | BK22: 255
P23: 255 | Q23: 255 | R23: 255 | S23: 255 | T23: 255 | U23: 255 | V23: 255 | W23: 255 | X23: 255 | Y23: 255 | Z23: 255 | AA23: 255 | AB23: 255 | AC23: 255 | AD23: 255 | AE23: 255 | AF23: 255 | AG23: 255 | AH23: 255 | AI23: 255 | AJ23: 255 | AK23: 255 | AL23: 255 | AM23: 255 | AN23: 255 | AO23: 255 | AP23: 255 | AQ23: 255 | AR23: 255 | AS23: 255 | AT23: 255 | AU23: 255 | AV23: 255 | AW23: 255 | AX23: 255 | AY23: 255 | AZ23: 255 | BA23: 255 | BB23: 255 | BC23: 255 | BD23: 255 | BE23: 255 | BF23: 255 | BG23: 255 | BH23: 255 | BI23: 255 | BJ23: 255 | BK23: 255

Sheet Blueprint
A1: =HYPERLINK("#Architect!A1", "⏎") -> ⏎ | C1: 👷🏼 Blueprint
B2: Forward ▼ | V2: Backprop ▲ | AZ2: Weight Update | BM2: PyTorch Code
P4: X=Rand
P5: -0.44880336 | Q5: 0.06070191 | R5: 0.31955508
P6: -0.11292756 | Q6: -0.27272867 | R6: 0.77663186
P7: -0.38099355 | Q7: -0.82472458 | R7: -0.20655658
P8: -0.11691222 | Q8: -0.84651675 | R8: 0.17681383
P9: -0.49264957 | Q9: 0.94102709 | R9: -0.40785891
P10: -0.88707278 | Q10: -0.34107493 | R10: 0.72421394
P11: 0.67921643 | Q11: -0.80737474 | R11: -0.96854512
P12: 1 | Q12: 1 | R12: 1
BQ13: >> | BR13: import torch
P14: target = OHE(class=10) | BQ14: >> | BR14: import torch.nn as nn
O15: Class ⟶ | P15: 5 | Q15: 8 | R15: 8 | BQ15: >>
P16: {=TRANSPOSE(--(_xlfn.SEQUENCE(1, 10) = 1+P15))} -> 0 | Q16: {=TRANSPOSE(--(_xlfn.SEQUENCE(1, 10) = 1+Q15))} -> 0 | R16: {=TRANSPOSE(--(_xlfn.SEQUENCE(1, 10) = 1+R15))} -> 0 | BO16: =HYPERLINK("#Blueprint!X","view") -> view | BQ16: >> | BR16: X = torch.randn(3, 7)
P17: 0 | Q17: 0 | R17: 0 | BO17: =HYPERLINK("#Blueprint!ohe","view") -> view | BQ17: >> | BR17: target = torch.randint(0, 10, (3,))
P18: 0 | Q18: 0 | R18: 0 | BQ18: >>
P19: 0 | Q19: 0 | R19: 0 | BQ19: >> | BR19: model = nn.Sequential(
P20: 0 | Q20: 0 | R20: 0 | BO20: =HYPERLINK("#Blueprint!X_0","view") -> view | BQ20: >> | BR20: nn.Linear(7,4),
P21: 1 | Q21: 0 | R21: 0 | BO21: =HYPERLINK("#Blueprint!X_1","view") -> view | BQ21: >> | BR21: nn.GELU(),
P22: 0 | Q22: 0 | R22: 0 | BO22: =HYPERLINK("#Blueprint!X_2","view") -> view | BQ22: >> | BR22: nn.Tanh(),
P23: 0 | Q23: 0 | R23: 0 | BO23: =HYPERLINK("#Blueprint!X_3","view") -> view | BQ23: >> | BR23: nn.Linear(4,10),
P24: 0 | Q24: 1 | R24: 1 | BO24: =HYPERLINK("#Blueprint!X_4","view") -> view | BQ24: >> | BR24: nn.Tanh(),
P25: 0 | Q25: 0 | R25: 0 | AZ25: Learning rate, 𝜂 = | BA25: 0.1 | BO25: =HYPERLINK("#Blueprint!X_5","view") -> view | BQ25: >> | BR25: nn.Linear(10,8),
BO26: =HYPERLINK("#Blueprint!X_6","view") -> view | BQ26: >> | BR26: nn.Tanh(),
A27: 0. Linear | P27: X₀ = Linear(X) | AI27: G₀=Gradient(G₁) | AT27: 𝒹W₀ | AZ27: W'₀ | BO27: =HYPERLINK("#Blueprint!X_7","view") -> view | BQ27: >> | BR27: nn.ReLU(),
N28: W₀|b₀ | P28: ✏️ X₀ = W₀ X + b₀ | AG28: ✏️ 𝒹₁=u₁/2+X₁⊙𝑒(-X₁²/2)/√(2𝜋) | AI28: ✏️ G₀ = G₁⊙𝒹₁ | AT28: ✏️ 𝒹W₀ = G₀⊙Xᵀ | AZ28: ✏️ W'₀ = W₀ − 𝜂.𝒹W₀ | BO28: =HYPERLINK("#Blueprint!X_8","view") -> view | BQ28: >> | BR28: nn.GELU(),
G29: -0.49530965 | H29: -0.82374991 | I29: 0.1545624 | J29: -0.55489147 | K29: -0.24867961 | L29: -0.94867219 | M29: -0.10543743 | N29: -0.76307999 | O29: ⟶ | P29: {=MMULT(Blueprint!G29:N32,Blueprint!P5:R12)} -> 0.45066537 | Q29: -0.051550928 | R29: -2.174642 | AE29: {=0.5*erf_1 + 0.399*X_1* EXP(-0.5*X_1^2)} -> 0.78959833 | AF29: 0.46958469 | AG29: 0.0019687597 | AH29: ⟶ | AI29: {=G_1* MaskGELU_1} -> 0.12338723 | AJ29: 0.050063558 | AK29: 0.00040850086 | AL29: ⟶ | AM29: {=MMULT(G_0, TRANSPOSE(X))} -> -0.05220711 | AN29: -0.027270332 | AO29: -0.088382764 | AP29: -0.056732887 | AQ29: -0.013842111 | AR29: -0.12623303 | AS29: 0.042990928 | AT29: 0.17385929 | AY29: ⟶ | AZ29: {=W_0 - lrate * dW_0} -> -0.49008894 | BA29: -0.82102288 | BB29: 0.16340067 | BC29: -0.54921818 | BD29: -0.24729539 | BE29: -0.93604889 | BF29: -0.10973652 | BG29: -0.78046592 | BO29: =HYPERLINK("#Blueprint!X_9","view") -> view | BQ29: >> | BR29: nn.Linear(8,10),
G30: 0.74762741 | H30: 0.98926855 | I30: 0.70640545 | J30: -0.00064654369 | K30: 0.28400189 | L30: 0.72291237 | M30: 0.19293955 | N30: -0.81849969 | O30: ⟶ | P30: -2.184955 | Q30: -1.7600501 | R30: 0.26351876 | AE30: 0.0018583015 | AF30: 0.011736745 | AG30: 0.6666246 | AH30: ⟶ | AI30: 0.00051480485 | AJ30: 0.0027383413 | AK30: 0.36716997 | AL30: ⟶ | AM30: 0.1172662 | AN30: 0.28435093 | AO30: -0.078295887 | AP30: 0.062542488 | AQ30: -0.14743031 | AR30: 0.26451896 | AS30: -0.35748188 | AT30: 0.37042311 | AY30: ⟶ | AZ30: 0.73590079 | BA30: 0.96083346 | BB30: 0.71423504 | BC30: -0.0069007925 | BD30: 0.29874492 | BE30: 0.69646048 | BF30: 0.22868774 | BG30: -0.855542 | BO30: =HYPERLINK("#Blueprint!X_10","view") -> view | BQ30: >> | BR30: nn.GELU()
G31: -0.7195804 | H31: 0.90017655 | I31: 0.84911089 | J31: 0.77893791 | K31: 0.10101674 | L31: -0.6389669 | M31: 0.10017095 | N31: -0.48206641 | O31: ⟶ | P31: -0.090262148 | Q31: -1.8987973 | R31: -0.65153803 | AE31: 0.44734191 | AF31: 0.0070120519 | AG31: 0.19138193 | AH31: ⟶ | AI31: -0.095414387 | AJ31: -0.0025146506 | AK31: -0.11323 | AL31: ⟶ | AM31: 0.0064864311 | AN31: -0.076477296 | AO31: 0.061814563 | AP31: -0.0067368281 | AQ31: 0.090821369 | AR31: 0.0034944433 | AS31: 0.046891613 | AT31: -0.21115904 | AY31: ⟶ | AZ31: -0.72022905 | BA31: 0.90782428 | BB31: 0.84292944 | BC31: 0.7796116 | BD31: 0.091934603 | BE31: -0.63931634 | BF31: 0.095481786 | BG31: -0.4609505 | BQ31: >> | BR31: )
G32: 0.88624333 | H32: 0.64300196 | I32: -0.68941218 | J32: 0.65878942 | K32: -0.06615542 | L32: -0.87859024 | M32: -0.95508953 | N32: 0.074577545 | O32: ⟶ | P32: -0.046890584 | Q32: 0.97243425 | R32: 1.4317847 | T32: =HYPERLINK("#Blueprint!torchcode", "</>") -> </> | V32: =HYPERLINK("#Blueprint!torchcode", "</>") -> </> | AE32: 0.4722977 | AF32: 1.0675404 | AG32: 1.1439352 | AH32: ⟶ | AI32: -0.024778914 | AJ32: 0.028735496 | AK32: 0.0055748388 | AL32: ⟶ | AM32: 0.014646627 | AN32: -0.00070917397 | AO32: -0.015409783 | AP32: -0.020442412 | AQ32: 0.036974454 | AR32: 0.016217119 | AS32: -0.045430042 | AT32: 0.0095314208 | AY32: ⟶ | AZ32: 0.88477866 | BA32: 0.64307288 | BB32: -0.6878712 | BC32: 0.66083366 | BD32: -0.069852866 | BE32: -0.88021196 | BF32: -0.95054652 | BG32: 0.073624403 | BQ32: >>
T33: =HYPERLINK("#X", "▲") -> ▲ | V33: =HYPERLINK("#X", "▲") -> ▲ | BO33: =HYPERLINK("#Blueprint!L_12","view") -> view | BQ33: >> | BR33: loss_fn = nn.CrossEntropyLoss()
P34: ↓ | Q34: ↓ | R34: ↓ | AI34: ↑ | AJ34: ↑ | AK34: ↑ | BQ34: >> | BR34: # Forward pass
A35: 1. GELU | P35: X₁ = GELU(X₀) | AI35: G₁=Gradient(G₂) | BO35: =HYPERLINK("#Blueprint!X_11","view") -> view | BQ35: >> | BR35: X_out = model(X)
P36: ✏️ u₁ = 1+erf(X₀/√2) | AG36: ✏️ 𝒹₂=1-X₂² | AI36: ✏️ G₁=𝒹₂⊙𝒹₂ | BO36: =HYPERLINK("#Blueprint!L_12","view") -> view | BQ36: >> | BR36: L = loss_fn(X_out, target)
P37: {=1+ERF(Blueprint!P29:R32/SQRT(2))} -> 1.3477693 | Q37: 0.95888652 | R37: 0.029656953 | AE37: {=_xlfn.DROP(1-(X_2*X_2),-1)} -> 0.91315678 | AF37: 0.99938938 | AG37: 0.99896088 | AH37: ⟶ | AI37: {=G_2*MaskTanh_2} -> 0.15626582 | AJ37: 0.10661242 | AK37: 0.20749147 | BQ37: >>
P38: 0.028892148 | Q38: 0.078399307 | R38: 1.2078492 | AE38: 0.99900437 | AF38: 0.99525498 | AG38: 0.97509431 | AH38: ⟶ | AI38: 0.27702977 | AJ38: 0.23331352 | AK38: 0.5507897 | BQ38: >> | BR38: # === Training Loop ===
P39: 0.9280789 | Q39: 0.057591133 | R39: 0.51469924 | AE39: 0.99824768 | AF39: 0.99701638 | AG39: 0.97240441 | AH39: ⟶ | AI39: -0.21329186 | AJ39: -0.35861837 | AK39: -0.59164416 | BQ39: >> | BR39: num_epochs = 2
P40: 0.96260043 | Q40: 1.6691654 | R40: 1.8477945 | AE40: 0.99949084 | AF40: 0.55048447 | AG40: 0.24747151 | AH40: ⟶ | AI40: -0.052464609 | AJ40: 0.026917479 | AK40: 0.0048733871 | BQ40: >> | BR40: optimizer = torch.optim.SGD(
P41: ✏️ X₁ = 0.5X₀ ⊙ u1 | BQ41: >> | BR41: model.parameters(), lr=0.1)
P42: {=0.5*Blueprint!P29:R32*Blueprint!P37:R40} -> 0.30369646 | Q42: -0.024715745 | R42: -0.032246628 | BQ42: >>
P43: -0.031564021 | Q43: -0.068993355 | R43: 0.15914547 | BQ43: >> | BR43: for epoch in range(num_epochs):
P44: -0.041885198 | Q44: -0.054676944 | R44: -0.16767306 | BO44: =HYPERLINK("#Blueprint!X_11","view") -> view | BQ44: >> | BR44: X_out = model(X)
P45: -0.022568448 | Q45: 0.81157682 | R45: 1.322822 | T45: =HYPERLINK("#Blueprint!torchcode", "</>") -> </> | V45: =HYPERLINK("#Blueprint!torchcode", "</>") -> </> | BO45: =HYPERLINK("#Blueprint!L_12","view") -> view | BQ45: >> | BR45: L = loss_fn(X_out, target)
T46: =HYPERLINK("#X", "▲") -> ▲ | V46: =HYPERLINK("#X", "▲") -> ▲ | BQ46: >> | BR46: optimizer.zero_grad() # reset dW
P47: ↓ | Q47: ↓ | R47: ↓ | AI47: ↑ | AJ47: ↑ | AK47: ↑ | BQ47: >> | BR47: L.backward() # dL/dW
A48: 2. Tanh | P48: X₂ = Tanh(X₁) | AI48: G₂=Gradient(G₃) | BQ48: >> | BR48: optimizer.step() # W -= lr * dW
P49: ✏️ 𝑒 = exp(X₁) | AG49: ✏️ (W₃|b₃)ᵀ | AI49: ✏️ G₂= W₃ᵀ G₃
P50: {=EXP(Blueprint!P42:R45)} -> 1.3548577 | Q50: 0.97558719 | R50: 0.96826775 | X50: {=TRANSPOSE(W_3)} -> -0.49530965 | Y50: -0.94867219 | Z50: 0.70640545 | AA50: -0.81849969 | AB50: 0.10101674 | AC50: 0.64300196 | AD50: -0.95508953 | AE50: -0.23848383 | AF50: 0.9805749 | AG50: -0.74599777 | AH50: ⟶ | AI50: {=_xlfn.DROP(MMULT(W_3T, G_3), -1)} -> 0.17112704 | AJ50: 0.10667756 | AK50: 0.20770731
P51: 0.96892892 | Q51: 0.93333288 | R51: 1.1725085 | X51: -0.82374991 | Y51: -0.10543743 | Z51: -0.00064654369 | AA51: -0.7195804 | AB51: -0.6389669 | AC51: -0.68941218 | AD51: 0.074577545 | AE51: 0.17131369 | AF51: -0.1004943 | AG51: 0.53752975 | AH51: ⟶ | AI51: 0.27730587 | AJ51: 0.23442587 | AK51: 0.56485788
P52: 0.95897987 | Q52: 0.94679097 | R52: 0.84563026 | X52: 0.1545624 | Y52: -0.76307999 | Z52: 0.28400189 | AA52: 0.90017655 | AB52: 0.10017095 | AC52: 0.65878942 | AD52: 0.65992053 | AE52: 0.39279431 | AF52: -0.80414718 | AG52: 0.18744094 | AH52: ⟶ | AI52: -0.21366627 | AJ52: -0.35969155 | AK52: -0.60843427
P53: 0.97768431 | Q53: 2.2514553 | R53: 3.7540001 | X53: -0.55489147 | Y53: 0.74762741 | Z53: 0.72291237 | AA53: 0.84911089 | AB53: -0.48206641 | AC53: -0.06615542 | AD53: 0.69066424 | AE53: 0.42273079 | AF53: -0.61681175 | AG53: 0.60928812 | AH53: ⟶ | AI53: -0.052491336 | AJ53: 0.0488978 | AK53: 0.01969272
P54: ✏️ 𝑒⁻ = exp(−X₁) | X54: -0.24867961 | Y54: 0.98926855 | Z54: 0.19293955 | AA54: 0.77893791 | AB54: 0.88624333 | AC54: -0.87859024 | AD54: 0.36183613 | AE54: 0.43723615 | AF54: -0.10524277 | AG54: -0.22117724
P55: {=EXP(-Blueprint!P42:R45)} -> 0.73808487 | Q55: 1.0250237 | R55: 1.0327722
P56: 1.0320674 | Q56: 1.0714291 | R56: 0.85287228
P57: 1.0427748 | Q57: 1.0561993 | R57: 1.1825499
P58: 1.022825 | Q58: 0.44415716 | R58: 0.26638252
P59: ✏️ X₂ = (𝑒-𝑒⁻)∕(𝑒+𝑒⁻)
P60: {=_xlfn.VSTACK((Blueprint!P50:R53-Blueprint!P55:R58)/(Blueprint!P50:R53+Blueprint!P55:R58), _xlfn.SEQUENCE(1,3)*0+1)} -> 0.29469173 | Q60: -0.024710713 | R60: -0.032235456
P61: -0.031553543 | Q61: -0.068884092 | R61: 0.15781537
P62: -0.041860721 | Q62: -0.054622522 | R62: -0.1661192
P63: -0.022564618 | Q63: 0.67045919 | R63: 0.867484
P64: 1 | Q64: 1 | R64: 1 | T64: =HYPERLINK("#Blueprint!torchcode", "</>") -> </> | V64: =HYPERLINK("#Blueprint!torchcode", "</>") -> </>
T65: =HYPERLINK("#X", "▲") -> ▲ | V65: =HYPERLINK("#X", "▲") -> ▲
P66: ↓ | Q66: ↓ | R66: ↓ | AI66: ↑ | AJ66: ↑ | AK66: ↑
A67: 3. Linear | P67: X₃ = Linear(X₂) | AI67: G₃=Gradient(G₄) | AQ67: 𝒹W₃ | AZ67: W'₃
N68: W₃|b₃ | P68: ✏️ X₃ = W₃ X₂ + b₃ | AG68: ✏️ 𝒹₄=1-X₄² | AI68: ✏️ G₃=𝒹₄⊙𝒹₄ | AQ68: ✏️ 𝒹W₃ = G₃⊙X₂ᵀ | AZ68: ✏️ W'₃ = W₃ − 𝜂.𝒹W₃
J69: -0.49530965 | K69: -0.82374991 | L69: 0.1545624 | M69: -0.55489147 | N69: -0.24867961 | O69: ⟶ | P69: {=MMULT(Blueprint!J69:N78,Blueprint!P60:R64)} -> -0.36260022 | Q69: -0.56017156 | R69: -0.86974872 | AE69: {=_xlfn.DROP(1-(X_4*X_4),-1)} -> 0.87924214 | AF69: 0.7418296 | AG69: 0.50825343 | AH69: ⟶ | AI69: {=G_4*MaskTanh_4} -> -0.075957732 | AJ69: 0.025384148 | AK69: -0.045810211 | AL69: ⟶ | AM69: {=MMULT(G_3, TRANSPOSE(X_2))} -> -0.021534663 | AN69: -0.0065813839 | AO69: 0.0094030549 | AP69: -0.021006633 | AQ69: -0.096383795 | AY69: ⟶ | AZ69: {=W_3 - lrate * dW_3} -> -0.49315618 | BA69: -0.82309177 | BB69: 0.15362209 | BC69: -0.5527908 | BD69: -0.23904123
J70: -0.94867219 | K70: -0.10543743 | L70: -0.76307999 | M70: 0.74762741 | N70: 0.98926855 | O70: ⟶ | P70: 0.72810278 | Q70: 1.5629089 | R70: 1.7785268 | AE70: 0.61323631 | AF70: 0.16114466 | AG70: 0.10785081 | AH70: ⟶ | AI70: -0.072645779 | AJ70: 0.028829325 | AK70: -0.025194686 | AL70: ⟶ | AM70: -0.021308341 | AN70: -0.0036697589 | AO70: 0.0056515954 | AP70: -0.00088787693 | AQ70: -0.06901114 | AY70: ⟶ | AZ70: -0.94654136 | BA70: -0.10507045 | BB70: -0.76364515 | BC70: 0.7477162 | BD70: 0.99616966
J71: 0.70640545 | K71: -0.00064654369 | L71: 0.28400189 | M71: 0.72291237 | N71: 0.19293955 | O71: ⟶ | P71: 0.37293103 | Q71: 0.64469866 | R71: 0.75000297 | AE71: 0.87287011 | AF71: 0.67727339 | AG71: 0.59658356 | AH71: ⟶ | AI71: 0.045266931 | AJ71: 0.074302107 | AK71: 0.069107713 | AL71: ⟶ | AM71: 0.0092760135 | AN71: 0.004359694 | AO71: -0.017433593 | AP71: 0.10874493 | AQ71: 0.18867675 | AY71: ⟶ | AZ71: 0.70547785 | BA71: -0.0010825131 | BB71: 0.28574525 | BC71: 0.71203788 | BD71: 0.17407188
J72: -0.81849969 | K72: -0.7195804 | L72: 0.90017655 | M72: 0.84911089 | N72: 0.77893791 | O72: ⟶ | P72: 0.50359623 | Q72: 1.3688556 | R72: 1.2788153 | AE72: 0.78383014 | AF72: 0.22835878 | AG72: 0.26697474 | AH72: ⟶ | AI72: -0.072789456 | AJ72: 0.018104383 | AK72: -0.055510574 | AL72: ⟶ | AM72: -0.020108414 | AN72: -0.0077107605 | AO72: 0.011279484 | AP72: -0.034373819 | AQ72: -0.11019565 | AY72: ⟶ | AZ72: -0.81648885 | BA72: -0.71880933 | BB72: 0.8990486 | BC72: 0.85254827 | BD72: 0.78995748
J73: 0.10101674 | K73: -0.6389669 | L73: 0.10017095 | M73: -0.48206641 | N73: 0.88624333 | O73: ⟶ | P73: 0.94285821 | Q73: 0.59908434 | R73: 0.347323 | AE73: 0.45751959 | AF73: 0.71227753 | AG73: 0.88844446 | AH73: ⟶ | AI73: -0.038905788 | AJ73: -0.22484677 | AK73: -0.30116921 | AL73: ⟶ | AM73: 0.0037992368 | AN73: -0.030813149 | AO73: 0.063940311 | AP73: -0.41113216 | AQ73: -0.56492177 | AY73: ⟶ | AZ73: 0.10063682 | BA73: -0.63588558 | BB73: 0.093776916 | BC73: -0.44095319 | BD73: 0.9427355
J74: 0.64300196 | K74: -0.68941218 | L74: 0.65878942 | M74: -0.06615542 | N74: -0.87859024 | O74: ⟶ | P74: -0.69343412 | Q74: -0.927329 | R74: -1.1749439 | AE74: 0.63977964 | AF74: 0.46805418 | AG74: 0.31797077 | AH74: ⟶ | AI74: -0.11714369 | AJ74: -0.15547288 | AK74: -0.21056327 | AL74: ⟶ | AM74: -0.023891828 | AN74: -0.018824214 | AO74: 0.048374643 | AP74: -0.28425519 | AQ74: -0.48317984 | AY74: ⟶ | AZ74: 0.64539114 | BA74: -0.68752976 | BB74: 0.65395196 | BC74: -0.037729901 | BD74: -0.83027226
J75: -0.95508953 | K75: 0.074577545 | L75: 0.65992053 | M75: 0.69066424 | N75: 0.36183613 | O75: ⟶ | P75: 0.034816639 | Q75: 0.80731553 | R75: 0.89390807 | AE75: 0.99878878 | AF75: 0.55363342 | AG75: 0.49117652 | AH75: ⟶ | AI75: -0.001986236 | AJ75: 0.0096899576 | AK75: -0.020436801 | AL75: ⟶ | AM75: -0.00016598352 | AN75: -0.0038300524 | AO75: 0.0029488003 | AP75: -0.011187058 | AQ75: -0.012733079 | AY75: ⟶ | AZ75: -0.95507293 | BA75: 0.07496055 | BB75: 0.65962565 | BC75: 0.69178294 | BD75: 0.36310944
J76: -0.23848383 | K76: 0.17131369 | L76: 0.39279431 | M76: 0.42273079 | N76: 0.43723615 | O76: ⟶ | P76: 0.33556998 | Q76: 0.6932968 | R76: 0.77342124 | AE76: 0.89533692 | AF76: 0.63988509 | AG76: 0.57891005 | AH76: ⟶ | AI76: -0.092980526 | AJ76: -0.065955727 | AK76: -0.22954451 | AL76: ⟶ | AM76: -0.018371307 | AN76: -0.028748486 | AO76: 0.04562665 | AP76: -0.24124874 | AQ76: -0.38848076 | AY76: ⟶ | AZ76: -0.2366467 | BA76: 0.17418854 | BB76: 0.38823165 | BC76: 0.44685566 | BD76: 0.47608423
J77: 0.9805749 | K77: -0.1004943 | L77: -0.80414718 | M77: -0.61681175 | N77: -0.10524277 | O77: ⟶ | P77: 0.2344758 | Q77: -0.49217358 | R77: -0.55420163 | AE77: 0.94697519 | AF77: 0.79211884 | AG77: 0.74632397 | AH77: ⟶ | AI77: 0.14109967 | AJ77: 0.31910629 | AK77: 0.49823233 | AL77: ⟶ | AM77: 0.017634815 | AN77: 0.052195177 | AO77: -0.10610288 | AP77: 0.64297245 | AQ77: 0.95843828 | AY77: ⟶ | AZ77: 0.97881141 | BA77: -0.10571382 | BB77: -0.79353689 | BC77: -0.681109 | BD77: -0.2010866
J78: -0.74599777 | K78: 0.53752975 | L78: 0.18744094 | M78: 0.60928812 | N78: -0.22117724 | O78: ⟶ | P78: -0.47957234 | Q78: 0.15849398 | R78: 0.38511095 | T78: =HYPERLINK("#Blueprint!torchcode", "</>") -> </> | V78: =HYPERLINK("#Blueprint!torchcode", "</>") -> </> | AE78: 0.80117225 | AF78: 0.97529444 | AG78: 0.86520984 | AH78: ⟶ | AI78: 0.1476465 | AJ78: 0.11765235 | AK78: 0.44254541 | AL78: ⟶ | AM78: 0.026337276 | AN78: 0.057077322 | AO78: -0.086122348 | AP78: 0.45945058 | AQ78: 0.70784427 | AY78: ⟶ | AZ78: -0.7486315 | BA78: 0.53182202 | BB78: 0.19605318 | BC78: 0.56334306 | BD78: -0.29196166
T79: =HYPERLINK("#X", "▲") -> ▲ | V79: =HYPERLINK("#X", "▲") -> ▲
P80: ↓ | Q80: ↓ | R80: ↓ | AI80: ↑ | AJ80: ↑ | AK80: ↑
A81: 4. Tanh | P81: X₄ = Tanh(X₃) | AI81: G₄=Gradient(G₅)
P82: ✏️ 𝑒 = exp(X₃) | AG82: ✏️ (W₅|b₅)ᵀ | AI82: ✏️ G₄= W₅ᵀ G₅
P83: {=EXP(Blueprint!P69:R78)} -> 0.69586457 | Q83: 0.57111108 | R83: 0.41905684 | Z83: {=TRANSPOSE(W_5)} -> -0.49530965 | AA83: -0.00064654369 | AB83: 0.10017095 | AC83: 0.69066424 | AD83: -0.10524277 | AE83: 0.76573223 | AF83: 0.61147018 | AG83: -0.58065155 | AH83: ⟶ | AI83: {=_xlfn.DROP(MMULT(W_5T, G_5), -1)} -> -0.086390004 | AJ83: 0.034218301 | AK83: -0.090132616
P84: 2.0711475 | Q84: 4.7726844 | R84: 5.9211272 | Z84: -0.82374991 | AA84: 0.28400189 | AB84: -0.48206641 | AC84: 0.36183613 | AD84: -0.74599777 | AE84: 0.91175615 | AF84: -0.13408753 | AG84: -0.54539889 | AH84: ⟶ | AI84: -0.11846294 | AJ84: 0.17890338 | AK84: -0.23360683
P85: 1.4519842 | Q85: 1.9054128 | R85: 2.1170063 | Z85: 0.1545624 | AA85: 0.72291237 | AB85: 0.88624333 | AC85: -0.23848383 | AD85: 0.53752975 | AE85: -0.6146028 | AF85: 0.42012054 | AG85: 0.38856628 | AH85: ⟶ | AI85: 0.051859871 | AJ85: 0.1097077 | AK85: 0.11583912
P86: 1.6546611 | Q86: 3.9308495 | R86: 3.5923812 | Z86: -0.55489147 | AA86: 0.19293955 | AB86: 0.64300196 | AC86: 0.17131369 | AD86: 0.18744094 | AE86: 0.74260206 | AF86: -0.38667081 | AG86: 0.76364378 | AH86: ⟶ | AI86: -0.092863813 | AJ86: 0.079280431 | AK86: -0.20792445
P87: 2.5673088 | Q87: 1.8204511 | R87: 1.4152738 | Z87: -0.24867961 | AA87: -0.81849969 | AB87: -0.68941218 | AC87: 0.39279431 | AD87: 0.60928812 | AE87: 0.16464589 | AF87: -0.76281369 | AG87: 0.63391894 | AH87: ⟶ | AI87: -0.085036333 | AJ87: -0.31567298 | AK87: -0.33898485
P88: 0.49985655 | Q88: 0.39560897 | R88: 0.30883631 | Z88: -0.94867219 | AA88: -0.7195804 | AB88: 0.65878942 | AC88: 0.42273079 | AD88: -0.22117724 | AE88: -0.32663784 | AF88: 0.018466988 | AG88: 0.39433845 | AH88: ⟶ | AI88: -0.18310006 | AJ88: -0.33216854 | AK88: -0.66220954
P89: 1.0354298 | Q89: 2.2418816 | R89: 2.4446649 | Z89: -0.10543743 | AA89: 0.90017655 | AB89: -0.06615542 | AC89: 0.43723615 | AD89: -0.56846183 | AE89: -0.37134511 | AF89: -0.76525074 | AG89: 0.67895365 | AH89: ⟶ | AI89: -0.0019886447 | AJ89: 0.01750248 | AK89: -0.041607854
P90: 1.3987374 | Q90: 2.0002993 | R90: 2.167168 | Z90: -0.76307999 | AA90: 0.84911089 | AB90: -0.87859024 | AC90: 0.9805749 | AD90: -0.45588107 | AE90: -0.74128145 | AF90: -0.51294049 | AG90: -0.19671868 | AH90: ⟶ | AI90: -0.10384976 | AJ90: -0.10307433 | AK90: -0.39651152
P91: 1.2642459 | Q91: 0.61129625 | R91: 0.57453077 | Z91: 0.74762741 | AA91: 0.77893791 | AB91: -0.95508953 | AC91: -0.1004943 | AD91: -0.9618305 | AE91: 0.95994036 | AF91: 0.20819028 | AG91: -0.69368572 | AH91: ⟶ | AI91: 0.14900038 | AJ91: 0.40285153 | AK91: 0.66758184
P92: 0.61904807 | Q92: 1.1717449 | R92: 1.4697774 | Z92: 0.98926855 | AA92: 0.10101674 | AB92: 0.074577545 | AC92: -0.80414718 | AD92: -0.44405629 | AE92: -0.79405454 | AF92: 0.39564891 | AG92: -0.74741947 | AH92: ⟶ | AI92: 0.18428809 | AJ92: 0.12063265 | AK92: 0.51148911
P93: ✏️ 𝑒⁻ = exp(−X₃) | Z93: 0.70640545 | AA93: -0.6389669 | AB93: 0.65992053 | AC93: -0.61681175 | AD93: -0.33206333 | AE93: 0.84302737 | AF93: -0.018640184 | AG93: 0.079626218
P94: {=EXP(-Blueprint!P69:R78)} -> 1.4370612 | Q94: 1.7509729 | R94: 2.3863111
P95: 0.48282415 | Q95: 0.20952569 | R95: 0.16888676
P96: 0.68871273 | Q96: 0.52482067 | R96: 0.47236515
P97: 0.60435335 | Q97: 0.25439794 | R97: 0.27836689
P98: 0.38951293 | Q98: 0.54931439 | R98: 0.70657707
P99: 2.000574 | Q99: 2.5277485 | R99: 3.2379612
P100: 0.96578249 | Q100: 0.44605388 | R100: 0.40905402
P101: 0.71493048 | Q101: 0.4999252 | R101: 0.4614317
...

Sheet Blueprint_ep1
A1: =HYPERLINK("#Architect!A1", "⏎") -> ⏎ | C1: 👷🏼 Blueprint | K1: Epoch-1
B2: Forward ▼ | V2: Backprop ▲ | AZ2: Weight Update
P4: X=Rand
P5: -0.44880336 | Q5: 0.06070191 | R5: 0.31955508
P6: -0.11292756 | Q6: -0.27272867 | R6: 0.77663186
P7: -0.38099355 | Q7: -0.82472458 | R7: -0.20655658
P8: -0.11691222 | Q8: -0.84651675 | R8: 0.17681383
P9: -0.49264957 | Q9: 0.94102709 | R9: -0.40785891
P10: -0.88707278 | Q10: -0.34107493 | R10: 0.72421394
P11: 0.67921643 | Q11: -0.80737474 | R11: -0.96854512
P12: 1 | Q12: 1 | R12: 1
P14: target = OHE(class=10)
O15: Class ⟶ | P15: 5 | Q15: 8 | R15: 8
P16: {=TRANSPOSE(--(_xlfn.SEQUENCE(1, 10) = 1+P15))} -> 0 | Q16: {=TRANSPOSE(--(_xlfn.SEQUENCE(1, 10) = 1+Q15))} -> 0 | R16: {=TRANSPOSE(--(_xlfn.SEQUENCE(1, 10) = 1+R15))} -> 0
P17: 0 | Q17: 0 | R17: 0
P18: 0 | Q18: 0 | R18: 0
P19: 0 | Q19: 0 | R19: 0
P20: 0 | Q20: 0 | R20: 0
P21: 1 | Q21: 0 | R21: 0
P22: 0 | Q22: 0 | R22: 0
P23: 0 | Q23: 0 | R23: 0
P24: 0 | Q24: 1 | R24: 1
P25: 0 | Q25: 0 | R25: 0 | AZ25: Learning rate, 𝜂 = | BA25: =Blueprint!lrate -> 0.1
A27: 0. Linear | P27: X₀ = Linear(X) | AI27: G₀=Gradient(G₁) | AT27: 𝒹W₀ | AZ27: W'₀
N28: W₀|b₀ | P28: ✏️ X₀ = W₀ X + b₀ | AG28: ✏️ 𝒹₁=u₁/2+X₁⊙𝑒(-X₁²/2)/√(2𝜋) | AI28: ✏️ G₀ = G₁⊙𝒹₁ | AT28: ✏️ 𝒹W₀ = G₀⊙Xᵀ | AZ28: ✏️ W'₀ = W₀ − 𝜂.𝒹W₀
G29: {=Blueprint!newW_0} -> -0.49008894 | H29: -0.82102288 | I29: 0.16340067 | J29: -0.54921818 | K29: -0.24729539 | L29: -0.93604889 | M29: -0.10973652 | N29: -0.78046592 | O29: ⟶ | P29: {=MMULT(Blueprint_ep1!G29:N32,Blueprint_ep1!P5:R12)} -> 0.41179807 | Q29: -0.0809873 | R29: -2.176323 | AE29: {=0.5*erf_1 + 0.399*X_1* EXP(-0.5*X_1^2)} -> 0.76423128 | AF29: 0.4526228 | AG29: 0.0019504622 | AH29: ⟶ | AI29: {=G_1* MaskGELU_1} -> -0.0065433467 | AJ29: 0.048815857 | AK29: 0.0001579903 | AL29: ⟶ | AM29: {=MMULT(G_0, TRANSPOSE(X))} -> 0.0059503784 | AN29: -0.01245186 | AO29: -0.037799298 | AP29: -0.040530509 | AQ29: 0.049096183 | AR29: -0.010731022 | AS29: -0.044010059 | AT29: 0.042430501 | AY29: ⟶ | AZ29: {=W_0 - lrate * dW_0} -> -0.49068398 | BA29: -0.81977769 | BB29: 0.1671806 | BC29: -0.54516513 | BD29: -0.25220501 | BE29: -0.93497578 | BF29: -0.10533552 | BG29: -0.78470897
G30: 0.73590079 | H30: 0.96083346 | I30: 0.71423504 | J30: -0.0069007925 | K30: 0.29874492 | L30: 0.69646048 | M30: 0.22868774 | N30: -0.855542 | O30: ⟶ | P30: -2.1752927 | Q30: -1.7971786 | R30: 0.13812882 | AE30: 0.0019616631 | AF30: 0.010283458 | AG30: 0.5854251 | AH30: ⟶ | AI30: 8.3532507e-06 | AJ30: 0.0027169188 | AK30: 0.16858653 | AL30: ⟶ | AM30: 0.054033853 | AN30: 0.13018774 | AO30: -0.037066548 | AP30: 0.027507535 | AQ30: -0.066206938 | AR30: 0.12115863 | AS30: -0.16547156 | AT30: 0.1713118 | AY30: ⟶ | AZ30: 0.73049741 | BA30: 0.94781468 | BB30: 0.71794169 | BC30: -0.009651546 | BD30: 0.30536562 | BE30: 0.68434462 | BF30: 0.2452349 | BG30: -0.87267318
G31: -0.72022905 | H31: 0.90782428 | I31: 0.84292944 | J31: 0.7796116 | K31: 0.091934603 | L31: -0.63931634 | M31: 0.095481786 | N31: -0.4609505 | O31: ⟶ | P31: -0.065843099 | Q31: -1.8799202 | R31: -0.61530117 | AE31: 0.46131131 | AF31: 0.0075481894 | AG31: 0.20399357 | AH31: ⟶ | AI31: 0.018310617 | AJ31: -0.0033916767 | AK31: -0.063040414 | AL31: ⟶ | AM31: -0.028568632 | AN31: -0.05010196 | AO31: 0.0088423844 | AP31: -0.010416041 | AQ31: 0.013499218 | AR31: -0.060740781 | AS31: 0.076232712 | AT31: -0.048121474 | AY31: ⟶ | AZ31: -0.71737218 | BA31: 0.91283448 | BB31: 0.8420452 | BC31: 0.7806532 | BD31: 0.090584681 | BE31: -0.63324226 | BF31: 0.087858515 | BG31: -0.45613836
G32: 0.88477866 | H32: 0.64307288 | I32: -0.6878712 | J32: 0.66083366 | K32: -0.069852866 | L32: -0.88021196 | M32: -0.95054652 | N32: 0.073624403 | O32: ⟶ | P32: -0.041674685 | Q32: 0.96177732 | R32: 1.4263952 | T32: =HYPERLINK("#Blueprint!torchcode", "</>") -> </> | V32: =HYPERLINK("#Blueprint!torchcode", "</>") -> </> | AE32: 0.47534293 | AF32: 1.0637187 | AG32: 1.1439145 | AH32: ⟶ | AI32: 0.014523591 | AJ32: -0.025369963 | AK32: 0.013487767 | AL32: ⟶ | AM32: -0.0037481573 | AN32: 0.015754032 | AO32: 0.01260385 | AP32: 0.022162937 | AQ32: -0.036529969 | AR32: 0.0055376046 | AS32: 0.017284218 | AT32: 0.0026413948 | AY32: ⟶ | AZ32: 0.88515348 | BA32: 0.64149747 | BB32: -0.68913159 | BC32: 0.65861737 | BD32: -0.066199869 | BE32: -0.88076572 | BF32: -0.95227495 | BG32: 0.073360263
T33: =HYPERLINK("#X", "▲") -> ▲ | V33: =HYPERLINK("#X", "▲") -> ▲
P34: ↓ | Q34: ↓ | R34: ↓ | AI34: ↑ | AJ34: ↑ | AK34: ↑
A35: 1. GELU | P35: X₁ = GELU(X₀) | AI35: G₁=Gradient(G₂)
P36: ✏️ u₁ = 1+erf(X₀/√2) | AG36: ✏️ 𝒹₂=1-X₂² | AI36: ✏️ G₁=𝒹₂⊙𝒹₂
P37: {=1+ERF(Blueprint_ep1!P29:R32/SQRT(2))} -> 1.3195126 | Q37: 0.93545205 | R37: 0.02953112 | AE37: {=_xlfn.DROP(1-(X_2*X_2),-1)} -> 0.92967251 | AF37: 0.99856649 | AG37: 0.99896808 | AH37: ⟶ | AI37: {=G_2*MaskTanh_2} -> -0.0085619981 | AJ37: 0.10785108 | AK37: 0.081001468
P38: 0.029608189 | Q38: 0.072307263 | R38: 1.1098614 | AE38: 0.99896367 | AF38: 0.99579016 | AG38: 0.99414742 | AH38: ⟶ | AI38: 0.0042582494 | AJ38: 0.26420284 | AK38: 0.28797284
P39: 0.94750274 | Q39: 0.060118948 | R39: 0.53835584 | AE39: 0.99902761 | AF39: 0.99681347 | AG39: 0.97306218 | AH39: ⟶ | AI39: 0.039692538 | AJ39: -0.44933645 | AK39: -0.30903137
P40: 0.96675804 | Q40: 1.6638385 | R40: 1.8462457 | AE40: 0.9995943 | AF40: 0.55896528 | AG40: 0.25009523 | AH40: ⟶ | AI40: 0.030553923 | AJ40: -0.023850256 | AK40: 0.011790887
P41: ✏️ X₁ = 0.5X₀ ⊙ u1
P42: {=0.5*Blueprint_ep1!P29:R32*Blueprint_ep1!P37:R40} -> 0.27168637 | Q42: -0.037879868 | R42: -0.032134628
P43: -0.032203239 | Q43: -0.064974535 | R43: 0.076651922
P44: -0.031193259 | Q44: -0.056509414 | R44: -0.16562549
P45: -0.020144668 | Q45: 0.80012107 | R45: 1.316738 | T45: =HYPERLINK("#Blueprint!torchcode", "</>") -> </> | V45: =HYPERLINK("#Blueprint!torchcode", "</>") -> </>
T46: =HYPERLINK("#X", "▲") -> ▲ | V46: =HYPERLINK("#X", "▲") -> ▲
P47: ↓ | Q47: ↓ | R47: ↓ | AI47: ↑ | AJ47: ↑ | AK47: ↑
A48: 2. Tanh | P48: X₂ = Tanh(X₁) | AI48: G₂=Gradient(G₃)
P49: ✏️ 𝑒 = exp(X₁) | AG49: ✏️ (W₃|b₃)ᵀ | AI49: ✏️ G₂= W₃ᵀ G₃
P50: {=EXP(Blueprint_ep1!P42:R45)} -> 1.3121754 | Q50: 0.9628286 | R50: 0.9683762 | X50: {=TRANSPOSE(W_3)} -> -0.49315618 | Y50: -0.94654136 | Z50: 0.70547785 | AA50: -0.81648885 | AB50: 0.10063682 | AC50: 0.64539114 | AD50: -0.95507293 | AE50: -0.2366467 | AF50: 0.97881141 | AG50: -0.7486315 | AH50: ⟶ | AI50: {=_xlfn.DROP(MMULT(W_3T, G_3), -1)} -> -0.0092096926 | AJ50: 0.10800591 | AK50: 0.081085142
P51: 0.96830976 | Q51: 0.93709133 | R51: 1.0796662 | X51: -0.82309177 | Y51: -0.10507045 | Z51: -0.0010825131 | AA51: -0.71880933 | AB51: -0.63588558 | AC51: -0.68752976 | AD51: 0.07496055 | AE51: 0.17418854 | AF51: -0.10571382 | AG51: 0.53182202 | AH51: ⟶ | AI51: 0.0042626669 | AJ51: 0.26531979 | AK51: 0.28966814
P52: 0.96928823 | Q52: 0.94505759 | R52: 0.84736352 | X52: 0.15362209 | Y52: -0.76364515 | Z52: 0.28574525 | AA52: 0.8990486 | AB52: 0.093776916 | AC52: 0.65395196 | AD52: 0.65962565 | AE52: 0.38823165 | AF52: -0.79353689 | AG52: 0.19605318 | AH52: ⟶ | AI52: 0.039731172 | AJ52: -0.45077285 | AK52: -0.31758646
P53: 0.98005688 | Q53: 2.2258104 | R53: 3.7312302 | X53: -0.5527908 | Y53: 0.7477162 | Z53: 0.71203788 | AA53: 0.85254827 | AB53: -0.44095319 | AC53: -0.037729901 | AD53: 0.69178294 | AE53: 0.44685566 | AF53: -0.681109 | AG53: 0.56334306 | AH53: ⟶ | AI53: 0.030566323 | AJ53: -0.042668583 | AK53: 0.047145589
P54: ✏️ 𝑒⁻ = exp(−X₁) | X54: -0.23904123 | Y54: 0.99616966 | Z54: 0.17407188 | AA54: 0.78995748 | AB54: 0.9427355 | AC54: -0.83027226 | AD54: 0.36310944 | AE54: 0.47608423 | AF54: -0.2010866 | AG54: -0.29196166
P55: {=EXP(-Blueprint_ep1!P42:R45)} -> 0.76209324 | Q55: 1.0386065 | R55: 1.0326565
P56: 1.0327274 | Q56: 1.0671318 | R56: 0.92621219
P57: 1.0316849 | Q57: 1.0581366 | R57: 1.180131
P58: 1.0203489 | Q58: 0.44927457 | R58: 0.26800812
P59: ✏️ X₂ = (𝑒-𝑒⁻)∕(𝑒+𝑒⁻)
P60: {=_xlfn.VSTACK((Blueprint_ep1!P50:R53-Blueprint_ep1!P55:R58)/(Blueprint_ep1!P50:R53+Blueprint_ep1!P55:R58), _xlfn.SEQUENCE(1,3)*0+1)} -> 0.2651933 | Q60: -0.037861761 | R60: -0.032123571
P61: -0.032192111 | Q61: -0.064883255 | R61: 0.076502151
P62: -0.031183145 | Q62: -0.05644934 | R62: -0.16412746
P63: -0.020141944 | Q63: 0.66410445 | R63: 0.86597042
P64: 1 | Q64: 1 | R64: 1 | T64: =HYPERLINK("#Blueprint!torchcode", "</>") -> </> | V64: =HYPERLINK("#Blueprint!torchcode", "</>") -> </>
T65: =HYPERLINK("#X", "▲") -> ▲ | V65: =HYPERLINK("#X", "▲") -> ▲
P66: ↓ | Q66: ↓ | R66: ↓ | AI66: ↑ | AJ66: ↑ | AK66: ↑
A67: 3. Linear | P67: X₃ = Linear(X₂) | AI67: G₃=Gradient(G₄) | AQ67: 𝒹W₃ | AZ67: W'₃
N68: W₃|b₃ | P68: ✏️ X₃ = W₃ X₂ + b₃ | AG68: ✏️ 𝒹₄=1-X₄² | AI68: ✏️ G₃=𝒹₄⊙𝒹₄ | AQ68: ✏️ 𝒹W₃ = G₃⊙X₂ᵀ | AZ68: ✏️ W'₃ = W₃ − 𝜂.𝒹W₃
J69: {=Blueprint!newW_3} -> -0.49315618 | K69: -0.82309177 | L69: 0.15362209 | M69: -0.5527908 | N69: -0.23904123 | O69: ⟶ | P69: {=MMULT(Blueprint_ep1!J69:N78,Blueprint_ep1!P60:R64)} -> -0.33698202 | Q69: -0.54274729 | R69: -0.79008167 | AE69: {=_xlfn.DROP(1-(X_4*X_4),-1)} -> 0.89451768 | AF69: 0.7549109 | AG69: 0.56643662 | AH69: ⟶ | AI69: {=G_4*MaskTanh_4} -> -0.010592222 | AJ69: 0.029366244 | AK69: 0.0040929223 | AL69: ⟶ | AM69: {=MMULT(G_3, TRANSPOSE(X_2))} -> -0.0040523233 | AN69: -0.0012512741 | AO69: -0.0019991672 | AP69: 0.023259951 | AQ69: 0.022866944 | AY69: ⟶ | AZ69: {=W_3 - lrate * dW_3} -> -0.49275095 | BA69: -0.82296664 | BB69: 0.15382201 | BC69: -0.5551168 | BD69: -0.24132792
J70: -0.94654136 | K70: -0.10507045 | L70: -0.76364515 | M70: 0.7477162 | N70: 0.99616966 | O70: ⟶ | P70: 0.75728807 | Q70: 1.5784936 | R70: 1.7913731 | AE70: 0.59106942 | AF70: 0.15660331 | AG70: 0.10526318 | AH70: ⟶ | AI70: -0.0079122335 | AJ70: 0.034043612 | AK70: 0.015380081 | AL70: ⟶ | AM70: -0.0038812856 | AN70: -0.00077753955 | AO70: -0.0041993047 | AP70: 0.036086578 | AQ70: 0.04151146 | AY70: ⟶ | AZ70: -0.94615323 | BA70: -0.1049927 | BB70: -0.76322522 | BC70: 0.74410754 | BD70: 0.99201852
J71: 0.70547785 | K71: -0.0010825131 | L71: 0.28574525 | M71: 0.71203788 | N71: 0.17407188 | O71: ⟶ | P71: 0.33794246 | Q71: 0.60416888 | R71: 0.7210317 | AE71: 0.89395906 | AF71: 0.70838984 | AG71: 0.61863453 | AH71: ⟶ | AI71: 0.0089847642 | AJ71: 0.057671218 | AK71: 0.062217973 | AL71: ⟶ | AM71: -0.001799498 | AN71: 0.00072867391 | AO71: -0.013747353 | AP71: 0.091997666 | AQ71: 0.12887396 | AY71: ⟶ | AZ71: 0.7056578 | BA71: -0.0011553805 | BB71: 0.28711999 | BC71: 0.70283811 | BD71: 0.16118448
J72: -0.81648885 | K72: -0.71880933 | L72: 0.8990486 | M72: 0.85254827 | N72: 0.78995748 | O72: ⟶ | P72: 0.55136295 | Q72: 1.3829403 | R72: 1.3519186 | AE72: 0.74845661 | AF72: 0.22276739 | AG72: 0.23524035 | AH72: ⟶ | AI72: 0.0021890977 | AJ72: 0.015963111 | AK72: 0.0086591211 | AL72: ⟶ | AM72: -0.00030201934 | AN72: -0.00044376888 | AO72: -0.0023905696 | AP72: 0.018055623 | AQ72: 0.02681133 | AY72: ⟶ | AZ72: -0.81645864 | BA72: -0.71876495 | BB72: 0.89928766 | BC72: 0.85074271 | BD72: 0.78727634
J73: 0.10063682 | K73: -0.63588558 | L73: 0.093776916 | M73: -0.44095319 | N73: 0.9427355 | O73: ⟶ | P73: 0.99585161 | Q73: 0.68205092 | R73: 0.49361229 | AE73: 0.42263341 | AF73: 0.64852758 | AG73: 0.79107902 | AH73: ⟶ | AI73: 0.0033298657 | AJ73: -0.22911647 | AK73: -0.26615436 | AL73: ⟶ | AM73: 0.01810764 | AN73: -0.0056027543 | AO73: 0.056512877 | AP73: -0.38270614 | AQ73: -0.49194097 | AY73: ⟶ | AZ73: 0.098826052 | BA73: -0.63532531 | BB73: 0.088125628 | BC73: -0.40268258 | BD73: 0.9919296
J74: 0.64539114 | K74: -0.68752976 | L74: 0.65395196 | M74: -0.037729901 | N74: -0.83027226 | O74: ⟶ | P74: -0.65661814 | Q74: -0.87207049 | R74: -1.0436065 | AE74: 0.66809911 | AF74: 0.50659973 | AG74: 0.39267866 | AH74: ⟶ | AI74: 0.0062174191 | AJ74: -0.21580672 | AK74: -0.13696274 | AL74: ⟶ | AM74: 0.014219373 | AN74: 0.0033241465 | AO74: 0.034467614 | AP74: -0.26204911 | AQ74: -0.34655204 | AY74: ⟶ | AZ74: 0.64396921 | BA74: -0.68786218 | BB74: 0.6505052 | BC74: -0.01152499 | BD74: -0.79561706
J75: -0.95507293 | K75: 0.07496055 | L75: 0.65962565 | M75: 0.69178294 | N75: 0.36310944 | O75: ⟶ | P75: 0.072914301 | Q75: 0.8165872 | R75: 0.89032532 | AE75: 0.99470229 | AF75: 0.54679089 | AG75: 0.49369037 | AH75: ⟶ | AI75: 0.014005898 | AJ75: 0.012319778 | AK75: -0.0021859465 | AL75: ⟶ | AM75: 0.0033180423 | AN75: -0.0014174563 | AO75: -0.00077341742 | AP75: 0.0060065481 | AQ75: 0.024139729 | AY75: ⟶ | AZ75: -0.95540473 | BA75: 0.075102296 | BB75: 0.65970299 | BC75: 0.69118229 | BD75: 0.36069547
J76: -0.2366467 | K76: 0.17418854 | L76: 0.38823165 | M76: 0.44685566 | N76: 0.47608423 | O76: ⟶ | P76: 0.38661279 | Q76: 0.74858559 | R76: 0.82025628 | AE76: 0.86425457 | AF76: 0.59765796 | AG76: 0.54409235 | AH76: ⟶ | AI76: 0.0084308865 | AJ76: -0.06955602 | AK76: -0.071117542 | AL76: ⟶ | AM76: 0.0071538775 | AN76: -0.001199032 | AO76: 0.015335831 | AP76: -0.10794797 | AQ76: -0.13224268 | AY76: ⟶ | AZ76: -0.23736209 | BA76: 0.17430844 | BB76: 0.38669806 | BC76: 0.45765046 | BD76: 0.4893085
J77: 0.97881141 | K77: -0.10571382 | L77: -0.79353689 | M77: -0.681109 | N77: -0.2010866 | O77: ⟶ | P77: 0.10035462 | Q77: -0.63881995 | R77: -0.7001959 | AE77: 0.98999618 | AF77: 0.68179623 | AG77: 0.63458929 | AH77: ⟶ | AI77: -0.018326051 | AJ77: 0.3798721 | AK77: 0.27422348 | AL77: ⟶ | AM77: -0.02805161 | AN77: -0.0030786977 | AO77: -0.065879669 | AP77: 0.4901133 | AQ77: 0.63576954 | AY77: ⟶ | AZ77: 0.98161657 | BA77: -0.10540595 | BB77: -0.78694893 | BC77: -0.73012033 | BD77: -0.26466355
J78: -0.7486315 | K78: 0.53182202 | L78: 0.19605318 | M78: 0.56334306 | N78: -0.29196166 | O78: ⟶ | P78: -0.52507458 | Q78: 0.064928061 | R78: 0.2284333 | T78: =HYPERLINK("#Blueprint!torchcode", "</>") -> </> | V78: =HYPERLINK("#Blueprint!torchcode", "</>") -> </> | AE78: 0.76805462 | AF78: 0.99579617 | AG78: 0.94958126 | AH78: ⟶ | AI78: -0.0033234274 | AJ78: 0.11637247 | AK78: 0.14868855 | AL78: ⟶ | AM78: -0.010063824 | AN78: 0.0039313577 | AO78: -0.030869388 | AP78: 0.2061103 | AQ78: 0.26173759 | AY78: ⟶ | AZ78: -0.74762511 | BA78: 0.53142889 | BB78: 0.19914012 | BC78: 0.54273203 | BD78: -0.31813542
T79: =HYPERLINK("#X", "▲") -> ▲ | V79: =HYPERLINK("#X", "▲") -> ▲
P80: ↓ | Q80: ↓ | R80: ↓ | AI80: ↑ | AJ80: ↑ | AK80: ↑
A81: 4. Tanh | P81: X₄ = Tanh(X₃) | AI81: G₄=Gradient(G₅)
P82: ✏️ 𝑒 = exp(X₃) | AG82: ✏️ (W₅|b₅)ᵀ | AI82: ✏️ G₄= W₅ᵀ G₅
P83: {=EXP(Blueprint_ep1!P69:R78)} -> 0.71392168 | Q83: 0.58114947 | R83: 0.45380773 | Z83: {=TRANSPOSE(W_5)} -> -0.4531595 | AA83: 0.023885568 | AB83: 0.10476722 | AC83: 0.67976363 | AD83: -0.10524277 | AE83: 0.78321436 | AF83: 0.61147018 | AG83: -0.59269132 | AH83: ⟶ | AI83: {=_xlfn.DROP(MMULT(W_5T, G_5), -1)} -> -0.011841266 | AJ83: 0.038900278 | AK83: 0.0072257374
P84: 2.1324852 | Q84: 4.8476479 | R84: 5.9976821 | Z84: -0.88284015 | AA84: 0.24475272 | AB84: -0.48865951 | AC84: 0.38147413 | AD84: -0.74599777 | AE84: 0.88458425 | AF84: -0.13408753 | AG84: -0.52707842 | AH84: ⟶ | AI84: -0.013386302 | AJ84: 0.21738756 | AK84: 0.14611073
P85: 1.4020598 | Q85: 1.8297308 | R85: 2.0565539 | Z85: 0.11575559 | AA85: 0.69790771 | AB85: 0.88189285 | AC85: -0.22637485 | AD85: 0.53752975 | AE85: -0.632135 | AF85: 0.42012054 | AG85: 0.40041314 | AH85: ⟶ | AI85: 0.010050532 | AJ85: 0.081411695 | AK85: 0.10057307
P86: 1.735617 | Q86: 3.9866061 | R86: 3.8648334 | Z86: -0.60696599 | AA86: 0.15653812 | AB86: 0.6369419 | AC86: 0.18982548 | AD86: 0.18744094 | AE86: 0.71717832 | AF86: -0.38667081 | AG86: 0.78052052 | AH86: ⟶ | AI86: 0.0029248158 | AJ86: 0.071658202 | AK86: 0.036809676
P87: 2.7070287 | Q87: 1.9779301 | R87: 1.6382233 | Z87: -0.277354 | AA87: -0.83942036 | AB87: -0.69211281 | AC87: 0.40520981 | AD87: 0.60928812 | AE87: 0.15182165 | AF87: -0.76281369 | AG87: 0.64281041 | AH87: ⟶ | AI87: 0.0078788512 | AJ87: -0.35328716 | AK87: -0.33644473
P88: 0.51860221 | Q88: 0.41808501 | R88: 0.35218225 | Z88: -0.89615727 | AA88: -0.68680649 | AB88: 0.66442992 | AC88: 0.40683483 | AD88: -0.22117724 | AE88: -0.30402987 | AF88: 0.018466988 | AG88: 0.37883595 | AH88: ⟶ | AI88: 0.0093061329 | AJ88: -0.4259906 | AK88: -0.34879088
P89: 1.0756384 | Q89: 2.2627643 | R89: 2.435922 | Z89: -0.14351442 | AA89: 0.87266881 | AB89: -0.0710936 | AC89: 0.45053264 | AD89: -0.56846183 | AE89: -0.39162082 | AF89: -0.76525074 | AG89: 0.69203693 | AH89: ⟶ | AI89: 0.014080492 | AJ89: 0.022531059 | AK89: -0.0044277682
P90: 1.4719864 | Q90: 2.1140078 | R90: 2.2710818 | Z90: -0.80211393 | AA90: 0.82322929 | AB90: -0.88306921 | AC90: 0.99323561 | AD90: -0.45588107 | AE90: -0.75951793 | AF90: -0.51294049 | AG90: -0.18450528 | AH90: ⟶ | AI90: 0.0097550963 | AJ90: -0.11638098 | AK90: -0.13070859
P91: 1.1055629 | Q91: 0.52791503 | R91: 0.49648803 | Z91: 0.77067544 | AA91: 0.797062 | AB91: -0.95163021 | AC91: -0.10894444 | AD91: -0.9618305 | AE91: 0.97408193 | AF91: 0.20819028 | AG91: -0.70246633 | AH91: ⟶ | AI91: -0.018511234 | AJ91: 0.55716369 | AK91: 0.4321275
P92: 0.59151125 | Q92: 1.0670823 | R92: 1.2566297 | Z92: 0.97665493 | AA92: 0.093080161 | AB92: 0.072360248 | AC92: -0.80213424 | AD92: -0.44405629 | AE92: -0.80166829 | AF92: 0.39564891 | AG92: -0.74281823 | AH92: ⟶ | AI92: -0.0043270717 | AJ92: 0.11686374 | AK92: 0.15658328
P93: ✏️ 𝑒⁻ = exp(−X₃) | Z93: 0.63870184 | AA93: -0.682485 | AB93: 0.65288759 | AC93: -0.59458201 | AD93: -0.33206333 | AE93: 0.81388057 | AF93: -0.018640184 | AG93: 0.099710721
P94: {=EXP(-Blueprint_ep1!P69:R78)} -> 1.4007139 | Q94: 1.7207277 | R94: 2.2035764
P95: 0.46893642 | Q95: 0.20628561 | R95: 0.16673108
P96: 0.71323632 | Q96: 0.54652847 | R96: 0.48625033
P97: 0.57616399 | Q97: 0.25083993 | R97: 0.25874336
P98: 0.36940872 | Q98: 0.50557903 | R98: 0.6104174
P99: 1.9282602 | Q99: 2.391858 | R99: 2.839439
P100: 0.9296805 | Q100: 0.44193733 | R100: 0.41052218
P101: 0.6793541 | Q101: 0.47303515 | R101: 0.4403188
P102: 0.9045166 | Q102: 1.8942442 | R102: 2.0141472
P103: 1.6905849 | Q103: 0.93713488 | R103: 0.79577937
...

Sheet Blueprint_inference
A1: =HYPERLINK("#Architect!A1", "⏎") -> ⏎ | C1: 👷🏼 Blueprint | K1: Inference
B2: Forward ▼
P4: X=Rand
P5: -0.44880336 | Q5: 0.06070191 | R5: 0.31955508
P6: -0.11292756 | Q6: -0.27272867 | R6: 0.77663186
P7: -0.38099355 | Q7: -0.82472458 | R7: -0.20655658
P8: -0.11691222 | Q8: -0.84651675 | R8: 0.17681383
P9: -0.49264957 | Q9: 0.94102709 | R9: -0.40785891
P10: -0.88707278 | Q10: -0.34107493 | R10: 0.72421394
P11: 0.67921643 | Q11: -0.80737474 | R11: -0.96854512
P12: 1 | Q12: 1 | R12: 1
P14: target = OHE(class=10)
O15: Class ⟶ | P15: 5 | Q15: 8 | R15: 8
P16: {=TRANSPOSE(--(_xlfn.SEQUENCE(1, 10) = 1+P15))} -> 0 | Q16: {=TRANSPOSE(--(_xlfn.SEQUENCE(1, 10) = 1+Q15))} -> 0 | R16: {=TRANSPOSE(--(_xlfn.SEQUENCE(1, 10) = 1+R15))} -> 0
P17: 0 | Q17: 0 | R17: 0
P18: 0 | Q18: 0 | R18: 0
P19: 0 | Q19: 0 | R19: 0
P20: 0 | Q20: 0 | R20: 0
P21: 1 | Q21: 0 | R21: 0
P22: 0 | Q22: 0 | R22: 0
P23: 0 | Q23: 0 | R23: 0
P24: 0 | Q24: 1 | R24: 1
P25: 0 | Q25: 0 | R25: 0
A27: 0. Linear | P27: X₀ = Linear(X)
N28: W₀|b₀ | P28: ✏️ X₀ = W₀ X + b₀
G29: {=Blueprint!newW_0} -> -0.49008894 | H29: -0.82102288 | I29: 0.16340067 | J29: -0.54921818 | K29: -0.24729539 | L29: -0.93604889 | M29: -0.10973652 | N29: -0.78046592 | O29: ⟶ | P29: {=MMULT(Blueprint_inference!G29:N32,Blueprint_inference!P5:R12)} -> 0.41179807 | Q29: -0.0809873 | R29: -2.176323
G30: 0.73590079 | H30: 0.96083346 | I30: 0.71423504 | J30: -0.0069007925 | K30: 0.29874492 | L30: 0.69646048 | M30: 0.22868774 | N30: -0.855542 | O30: ⟶ | P30: -2.1752927 | Q30: -1.7971786 | R30: 0.13812882
G31: -0.72022905 | H31: 0.90782428 | I31: 0.84292944 | J31: 0.7796116 | K31: 0.091934603 | L31: -0.63931634 | M31: 0.095481786 | N31: -0.4609505 | O31: ⟶ | P31: -0.065843099 | Q31: -1.8799202 | R31: -0.61530117
G32: 0.88477866 | H32: 0.64307288 | I32: -0.6878712 | J32: 0.66083366 | K32: -0.069852866 | L32: -0.88021196 | M32: -0.95054652 | N32: 0.073624403 | O32: ⟶ | P32: -0.041674685 | Q32: 0.96177732 | R32: 1.4263952 | T32: =HYPERLINK("#Blueprint!torchcode", "</>") -> </>
T33: =HYPERLINK("#X", "▲") -> ▲
P34: ↓ | Q34: ↓ | R34: ↓
A35: 1. GELU | P35: X₁ = GELU(X₀)
P36: ✏️ u₁ = 1+erf(X₀/√2)
P37: {=1+ERF(Blueprint_inference!P29:R32/SQRT(2))} -> 1.3195126 | Q37: 0.93545205 | R37: 0.02953112
P38: 0.029608189 | Q38: 0.072307263 | R38: 1.1098614
P39: 0.94750274 | Q39: 0.060118948 | R39: 0.53835584
P40: 0.96675804 | Q40: 1.6638385 | R40: 1.8462457
P41: ✏️ X₁ = 0.5X₀ ⊙ u1
P42: {=0.5*Blueprint_inference!P29:R32*Blueprint_inference!P37:R40} -> 0.27168637 | Q42: -0.037879868 | R42: -0.032134628
P43: -0.032203239 | Q43: -0.064974535 | R43: 0.076651922
P44: -0.031193259 | Q44: -0.056509414 | R44: -0.16562549
P45: -0.020144668 | Q45: 0.80012107 | R45: 1.316738 | T45: =HYPERLINK("#Blueprint!torchcode", "</>") -> </>
T46: =HYPERLINK("#X", "▲") -> ▲
P47: ↓ | Q47: ↓ | R47: ↓
A48: 2. Tanh | P48: X₂ = Tanh(X₁)
P49: ✏️ 𝑒 = exp(X₁)
P50: {=EXP(Blueprint_inference!P42:R45)} -> 1.3121754 | Q50: 0.9628286 | R50: 0.9683762
P51: 0.96830976 | Q51: 0.93709133 | R51: 1.0796662
P52: 0.96928823 | Q52: 0.94505759 | R52: 0.84736352
P53: 0.98005688 | Q53: 2.2258104 | R53: 3.7312302
P54: ✏️ 𝑒⁻ = exp(−X₁)
P55: {=EXP(-Blueprint_inference!P42:R45)} -> 0.76209324 | Q55: 1.0386065 | R55: 1.0326565
P56: 1.0327274 | Q56: 1.0671318 | R56: 0.92621219
P57: 1.0316849 | Q57: 1.0581366 | R57: 1.180131
P58: 1.0203489 | Q58: 0.44927457 | R58: 0.26800812
P59: ✏️ X₂ = (𝑒-𝑒⁻)∕(𝑒+𝑒⁻)
P60: {=_xlfn.VSTACK((Blueprint_inference!P50:R53-Blueprint_inference!P55:R58)/(Blueprint_inference!P50:R53+Blueprint_inference!P55:R58), _xlfn.SEQUENCE(1,3)*0+1)} -> 0.2651933 | Q60: -0.037861761 | R60: -0.032123571
P61: -0.032192111 | Q61: -0.064883255 | R61: 0.076502151
P62: -0.031183145 | Q62: -0.05644934 | R62: -0.16412746
P63: -0.020141944 | Q63: 0.66410445 | R63: 0.86597042
P64: 1 | Q64: 1 | R64: 1 | T64: =HYPERLINK("#Blueprint!torchcode", "</>") -> </>
T65: =HYPERLINK("#X", "▲") -> ▲
P66: ↓ | Q66: ↓ | R66: ↓
A67: 3. Linear | P67: X₃ = Linear(X₂)
N68: W₃|b₃ | P68: ✏️ X₃ = W₃ X₂ + b₃
J69: {=Blueprint!newW_3} -> -0.49315618 | K69: -0.82309177 | L69: 0.15362209 | M69: -0.5527908 | N69: -0.23904123 | O69: ⟶ | P69: {=MMULT(Blueprint_inference!J69:N78,Blueprint_inference!P60:R64)} -> -0.33698202 | Q69: -0.54274729 | R69: -0.79008167
J70: -0.94654136 | K70: -0.10507045 | L70: -0.76364515 | M70: 0.7477162 | N70: 0.99616966 | O70: ⟶ | P70: 0.75728807 | Q70: 1.5784936 | R70: 1.7913731
J71: 0.70547785 | K71: -0.0010825131 | L71: 0.28574525 | M71: 0.71203788 | N71: 0.17407188 | O71: ⟶ | P71: 0.33794246 | Q71: 0.60416888 | R71: 0.7210317
J72: -0.81648885 | K72: -0.71880933 | L72: 0.8990486 | M72: 0.85254827 | N72: 0.78995748 | O72: ⟶ | P72: 0.55136295 | Q72: 1.3829403 | R72: 1.3519186
J73: 0.10063682 | K73: -0.63588558 | L73: 0.093776916 | M73: -0.44095319 | N73: 0.9427355 | O73: ⟶ | P73: 0.99585161 | Q73: 0.68205092 | R73: 0.49361229
J74: 0.64539114 | K74: -0.68752976 | L74: 0.65395196 | M74: -0.037729901 | N74: -0.83027226 | O74: ⟶ | P74: -0.65661814 | Q74: -0.87207049 | R74: -1.0436065
J75: -0.95507293 | K75: 0.07496055 | L75: 0.65962565 | M75: 0.69178294 | N75: 0.36310944 | O75: ⟶ | P75: 0.072914301 | Q75: 0.8165872 | R75: 0.89032532
J76: -0.2366467 | K76: 0.17418854 | L76: 0.38823165 | M76: 0.44685566 | N76: 0.47608423 | O76: ⟶ | P76: 0.38661279 | Q76: 0.74858559 | R76: 0.82025628
J77: 0.97881141 | K77: -0.10571382 | L77: -0.79353689 | M77: -0.681109 | N77: -0.2010866 | O77: ⟶ | P77: 0.10035462 | Q77: -0.63881995 | R77: -0.7001959
J78: -0.7486315 | K78: 0.53182202 | L78: 0.19605318 | M78: 0.56334306 | N78: -0.29196166 | O78: ⟶ | P78: -0.52507458 | Q78: 0.064928061 | R78: 0.2284333 | T78: =HYPERLINK("#Blueprint!torchcode", "</>") -> </>
T79: =HYPERLINK("#X", "▲") -> ▲
P80: ↓ | Q80: ↓ | R80: ↓
A81: 4. Tanh | P81: X₄ = Tanh(X₃)
P82: ✏️ 𝑒 = exp(X₃)
P83: {=EXP(Blueprint_inference!P69:R78)} -> 0.71392168 | Q83: 0.58114947 | R83: 0.45380773
P84: 2.1324852 | Q84: 4.8476479 | R84: 5.9976821
P85: 1.4020598 | Q85: 1.8297308 | R85: 2.0565539
P86: 1.735617 | Q86: 3.9866061 | R86: 3.8648334
P87: 2.7070287 | Q87: 1.9779301 | R87: 1.6382233
P88: 0.51860221 | Q88: 0.41808501 | R88: 0.35218225
P89: 1.0756384 | Q89: 2.2627643 | R89: 2.435922
P90: 1.4719864 | Q90: 2.1140078 | R90: 2.2710818
P91: 1.1055629 | Q91: 0.52791503 | R91: 0.49648803
P92: 0.59151125 | Q92: 1.0670823 | R92: 1.2566297
P93: ✏️ 𝑒⁻ = exp(−X₃)
P94: {=EXP(-Blueprint_inference!P69:R78)} -> 1.4007139 | Q94: 1.7207277 | R94: 2.2035764
P95: 0.46893642 | Q95: 0.20628561 | R95: 0.16673108
P96: 0.71323632 | Q96: 0.54652847 | R96: 0.48625033
P97: 0.57616399 | Q97: 0.25083993 | R97: 0.25874336
P98: 0.36940872 | Q98: 0.50557903 | R98: 0.6104174
P99: 1.9282602 | Q99: 2.391858 | R99: 2.839439
P100: 0.9296805 | Q100: 0.44193733 | R100: 0.41052218
P101: 0.6793541 | Q101: 0.47303515 | R101: 0.4403188
P102: 0.9045166 | Q102: 1.8942442 | R102: 2.0141472
P103: 1.6905849 | Q103: 0.93713488 | R103: 0.79577937
...

Sheet Dashboard
A1: =HYPERLINK("#Architect!A1", "⏎") -> ⏎ | B1: 🎬 Dashboard
C4: Visualizations | L4: Loss | AF4: =HYPERLINK("#Dashboard!dashboard_list", "↩ List") -> ↩ List | AO4: Gradient Flow | CJ4: =HYPERLINK("#Dashboard!dashboard_list", "↩ List") -> ↩ List
C5: =HYPERLINK("#Dashboard!dashboard_loss", "Loss") -> Loss | K5: Epochs | L5: Loss
C6: =HYPERLINK("#Dashboard!dashboard_gradients", "Gradient Flow") -> Gradient Flow | K6: {=_xlfn.SEQUENCE(2, 1, 0)} -> 0 | L6: =Blueprint!LossMean -> 2.3186953 | AP6: Gradients
C7: =HYPERLINK("#Dashboard!dashboard_weights", "Weight Update") -> Weight Update | K7: 1 | L7: =Blueprint_ep1!LossMean -> 1.9741135 | AP7: ⟶ ⟶ ⟶ ⟶
C8: =HYPERLINK("#Dashboard!dashboard_grad_summary", "Mean gradient") -> Mean gradient | AN8: Epochs | AP8: G₁₂ (ep:0) | AT8: G₁₁ (ep:0) | AX8: G₁₀ (ep:0) | BB8: G₉ (ep:0) | BF8: G₈ (ep:0) | BJ8: G₇ (ep:0) | BN8: G₆ (ep:0) | BR8: G₅ (ep:0) | BV8: G₄ (ep:0) | BZ8: G₃ (ep:0) | CD8: G₂ (ep:0) | CH8: G₁ (ep:0)
AN9: ↓ | AP9: {=Blueprint!G_11} -> 0 | AQ9: 0 | AR9: 0 | AT9: {=Blueprint!G_10} -> 0.075941863 | AU9: 0.065432054 | AV9: 0.059701832 | AX9: {=Blueprint!G_9} -> 0.019346229 | AY9: 0.011558453 | AZ9: 0.016284735 | BB9: {=Blueprint!G_8} -> 0.29088839 | BC9: 0.96639231 | BD9: 1.0339844 | BF9: {=Blueprint!G_7} -> 0.15071853 | BG9: 0.48319616 | BH9: 0.52657913 | BJ9: {=Blueprint!G_6} -> 0.15071853 | BK9: 0 | BL9: 0.52657913 | BN9: {=Blueprint!G_5} -> 0.15058232 | BO9: 0 | BP9: 0.52645375 | BR9: {=Blueprint!G_4} -> -0.086390004 | BS9: 0.034218301 | BT9: -0.090132616 | BV9: {=Blueprint!G_3} -> -0.075957732 | BW9: 0.025384148 | BX9: -0.045810211 | BZ9: {=Blueprint!G_2} -> 0.17112704 | CA9: 0.10667756 | CB9: 0.20770731 | CD9: {=Blueprint!G_1} -> 0.15626582 | CE9: 0.10661242 | CF9: 0.20749147 | CH9: {=Blueprint!G_0} -> 0.12338723 | CI9: 0.050063558 | CJ9: 0.00040850086
AN10: ↓ | AP10: 0 | AQ10: 0 | AR10: 0 | AT10: 0.16320457 | AU10: 0.16468133 | AV10: 0.15424273 | AX10: 0.16090116 | AY10: 0.17244516 | AZ10: 0.16427369 | BB10: 0.061623101 | BC10: 0.64566756 | BD10: 0.70944982 | BF10: 0.036679939 | BG10: 0.63733385 | BH10: 0.73407332 | BJ10: 0.036679939 | BK10: 0.63733385 | BL10: 0.73407332 | BN10: 0.035815672 | BO10: 0.24426857 | BP10: 0.15509679 | BR10: -0.11846294 | BS10: 0.17890338 | BT10: -0.23360683 | BV10: -0.072645779 | BW10: 0.028829325 | BX10: -0.025194686 | BZ10: 0.27730587 | CA10: 0.23442587 | CB10: 0.56485788 | CD10: 0.27702977 | CE10: 0.23331352 | CF10: 0.5507897 | CH10: 0.00051480485 | CI10: 0.0027383413 | CJ10: 0.36716997
AN11: ↓ | AP11: 0 | AQ11: 0 | AR11: 0 | AT11: 0.074632037 | AU11: 0.078783269 | AV11: 0.081159982 | AX11: 0.013178995 | AY11: 0.040913295 | AZ11: 0.054312459 | BB11: 0.066301197 | BC11: 0.028103364 | BD11: 0.083410794 | BF11: 0.033150598 | BG11: 0.018586215 | BH11: 0.060311008 | BJ11: 0 | BK11: 0.018586215 | BL11: 0.060311008 | BN11: 0 | BO11: 0.017373098 | BP11: 0.052956303 | BR11: 0.051859871 | BS11: 0.1097077 | BT11: 0.11583912 | BV11: 0.045266931 | BW11: 0.074302107 | BX11: 0.069107713 | BZ11: -0.21366627 | CA11: -0.35969155 | CB11: -0.60843427 | CD11: -0.21329186 | CE11: -0.35861837 | CF11: -0.59164416 | CH11: -0.095414387 | CI11: -0.0025146506 | CJ11: -0.11323
AP12: 0 | AQ12: 0 | AR12: 0 | AT12: 0.11838158 | AU12: 0.08071275 | AV12: 0.064500042 | AX12: 0.092396205 | AY12: 0.044125414 | AZ12: 0.02654377 | BB12: -0.045656407 | BC12: -0.36230256 | BD12: -0.3946957 | BF12: -0.024667467 | BG12: -0.19903913 | BH12: -0.19734785 | BJ12: -0.024667467 | BK12: -0.19903913 | BL12: 0 | BN12: -0.02455937 | BO12: -0.19773805 | BP12: 0 | BR12: -0.092863813 | BS12: 0.079280431 | BT12: -0.20792445 | BV12: -0.072789456 | BW12: 0.018104383 | BX12: -0.055510574 | BZ12: -0.052491336 | CA12: 0.0488978 | CB12: 0.01969272 | CD12: -0.052464609 | CE12: 0.026917479 | CF12: 0.0048733871 | CH12: -0.024778914 | CI12: 0.028735496 | CJ12: 0.0055748388
AP13: 0 | AQ13: 0 | AR13: 0 | AT13: 0.076463551 | AU13: 0.0699265 | AV13: 0.064684315 | AX13: 0.020876179 | AY13: 0.024981014 | AZ13: 0.026884046 | BB13: 0.071369965 | BC13: 0.0015407639 | BD13: -0.049794259 | BF13: 0.035684983 | BG13: 0.00077038194 | BH13: -0.02489713 | BJ13: 0 | BK13: 0 | BL13: 0 | BN13: 0 | BO13: 0 | BP13: 0 | BR13: -0.085036333 | BS13: -0.31567298 | BT13: -0.33898485 | BV13: -0.038905788 | BW13: -0.22484677 | BX13: -0.30116921 | BZ13: G₃ (ep:1) | CD13: G₂ (ep:1) | CH13: G₁ (ep:1)
AP14: -12.802504 | AQ14: 0 | AR14: 0 | AT14: -0.92189028 | AU14: 0.066005572 | AV14: 0.058244922 | AX14: -0.041470265 | AY14: 0.0066786844 | AZ14: 0.0097045616 | BB14: -0.033286682 | BC14: 0.27427016 | BD14: 0.2246546 | BF14: -0.035350409 | BG14: 0.23914564 | BH14: 0.1423694 | BJ14: -0.035350409 | BK14: 0.23914564 | BL14: 0.1423694 | BN14: -0.0029702956 | BO14: 0.1585385 | BP14: 0.13589985 | BR14: -0.18310006 | BS14: -0.33216854 | BT14: -0.66220954 | BV14: -0.11714369 | BW14: -0.15547288 | BX14: -0.21056327 | BZ14: {=Blueprint_ep1!G_2} -> -0.0092096926 | CA14: 0.10800591 | CB14: 0.081085142 | CD14: {=Blueprint_ep1!G_1} -> -0.0085619981 | CE14: 0.10785108 | CF14: 0.081001468 | CH14: {=Blueprint_ep1!G_0} -> -0.0065433467 | CI14: 0.048815857 | CJ14: 0.0001579903
AP15: 0 | AQ15: 0 | AR15: 0 | AT15: 0.074580703 | AU15: 0.068241713 | AV15: 0.063162388 | AX15: 0.011804679 | AY15: 0.021333283 | AZ15: 0.024006476 | BB15: -0.11805946 | BC15: 0.3168971 | BD15: 0.35446443 | BF15: -0.059029732 | BG15: 0.15844855 | BH15: 0.17723221 | BJ15: 0 | BK15: 0 | BL15: 0 | BN15: 0 | BO15: 0 | BP15: 0 | BR15: -0.0019886447 | BS15: 0.01750248 | BT15: -0.041607854 | BV15: -0.001986236 | BW15: 0.0096899576 | BX15: -0.020436801 | BZ15: 0.0042626669 | CA15: 0.26531979 | CB15: 0.28966814 | CD15: 0.0042582494 | CE15: 0.26420284 | CF15: 0.28797284 | CH15: 8.3532507e-06 | CI15: 0.0027169188 | CJ15: 0.16858653
AP16: 0 | AQ16: 0 | AR16: 0 | AT16: 0.085992825 | AU16: 0.06546416 | AV16: 0.058281906 | AX16: 0.040067007 | AY16: 0.011921504 | AZ16: 0.0082609903 | BB16: -0.024907437 | BC16: -0.34105638 | BD16: -0.33764919 | BF16: -0.022951588 | BG16: -0.35095786 | BH16: -0.340698 | BJ16: -0.022951588 | BK16: -0.35095786 | BL16: -0.340698 | BN16: -0.012838609 | BO16: -0.082335977 | BP16: -0.10567044 | BR16: -0.10384976 | BS16: -0.10307433 | BT16: -0.39651152 | BV16: -0.092980526 | BW16: -0.065955727 | BX16: -0.22954451 | BZ16: 0.039731172 | CA16: -0.45077285 | CB16: -0.31758646 | CD16: 0.039692538 | CE16: -0.44933645 | CF16: -0.30903137 | CH16: 0.018310617 | CI16: -0.0033916767 | CJ16: -0.063040414
AP17: 0 | AQ17: -8.898638 | AR17: -9.2123689 | AT17: 0.11993992 | AU17: -0.88762325 | AV17: -0.89145029 | AX17: 0.09483875 | AY17: -0.74571901 | AZ17: -0.79778503 | BB17: G₉ (ep:1) | BF17: G₈ (ep:1) | BJ17: G₇ (ep:1) | BN17: G₆ (ep:1) | BR17: 0.14900038 | BS17: 0.40285153 | BT17: 0.66758184 | BV17: 0.14109967 | BW17: 0.31910629 | BX17: 0.49823233 | BZ17: 0.030566323 | CA17: -0.042668583 | CB17: 0.047145589 | CD17: 0.030553923 | CE17: -0.023850256 | CF17: 0.011790887 | CH17: 0.014523591 | CI17: -0.025369963 | CJ17: 0.013487767
AP18: 0 | AQ18: 0 | AR18: 0 | AT18: 0.13275324 | AU18: 0.2283759 | AV18: 0.28747217 | AX18: 0.1147726 | AY18: 0.25775253 | AZ18: 0.32828408 | BB18: {=Blueprint_ep1!G_8} -> 0.15720323 | BC18: 0.98184252 | BD18: 1.0335634 | BF18: {=Blueprint_ep1!G_7} -> 0.078601613 | BG18: 0.49092126 | BH18: 0.51678171 | BJ18: {=Blueprint_ep1!G_6} -> 0 | BK18: 0 | BL18: 0 | BN18: {=Blueprint_ep1!G_5} -> 0 | BO18: 0 | BP18: 0 | BR18: 0.18428809 | BS18: 0.12063265 | BT18: 0.51148911 | BV18: 0.1476465 | BW18: 0.11765235 | BX18: 0.44254541
AP19: G₁₂ (ep:1) | AT19: G₁₁ (ep:1) | AX19: G₁₀ (ep:1) | BB19: -0.012631056 | BC19: 0.5425881 | BD19: 0.58940919 | BF19: -0.0063155281 | BG19: 0.48016716 | BH19: 0.57053231 | BJ19: 0 | BK19: 0.48016716 | BL19: 0.57053231 | BN19: 0 | BO19: 0.30617968 | BP19: 0.2512327 | BR19: G₅ (ep:1) | BV19: G₄ (ep:1)
AP20: {=Blueprint_ep1!G_11} -> 0 | AQ20: 0 | AR20: 0 | AT20: {=Blueprint_ep1!G_10} -> 0.075354521 | AU20: 0.066168264 | AV20: 0.062216757 | AX20: {=Blueprint_ep1!G_9} -> 0.017080782 | AY20: 0.014089534 | AZ20: 0.019060051 | BB20: 0.086254415 | BC20: -0.051993198 | BD20: -0.0035481285 | BF20: 0.043127207 | BG20: -0.033913924 | BH20: -0.0025017019 | BJ20: 0 | BK20: -0.033913924 | BL20: -0.0025017019 | BN20: 0 | BO20: -0.031934067 | BP20: -0.0022424132 | BR20: {=Blueprint_ep1!G_4} -> -0.011841266 | BS20: 0.038900278 | BT20: 0.0072257374 | BV20: {=Blueprint_ep1!G_3} -> -0.010592222 | BW20: 0.029366244 | BX20: 0.0040929223
AP21: 0 | AQ21: 0 | AR21: 0 | AT21: 0.1347568 | AU21: 0.13131081 | AV21: 0.12126591 | AX21: 0.11778652 | AY21: 0.12300563 | AZ21: 0.11466819 | BB21: 0.0070173707 | BC21: -0.39926043 | BD21: -0.43921387 | BF21: 0.0047966267 | BG21: -0.28799751 | BH21: -0.24372979 | BJ21: 0.0047966267 | BK21: -0.28799751 | BL21: -0.24372979 | BN21: 0.0043953174 | BO21: -0.25340377 | BP21: -0.24176637 | BR21: -0.013386302 | BS21: 0.21738756 | BT21: 0.14611073 | BV21: -0.0079122335 | BW21: 0.034043612 | BX21: 0.015380081
AP22: 0 | AQ22: 0 | AR22: 0 | AT22: 0.074698734 | AU22: 0.072890859 | AV22: 0.078561974 | AX22: 0.010625214 | AY22: 0.03007821 | AZ22: 0.048107531 | BB22: 0.048569543 | BC22: -0.013339227 | BD22: -0.064630171 | BF22: 0.024284771 | BG22: -0.0066696135 | BH22: -0.032315086 | BJ22: 0 | BK22: 0 | BL22: 0 | BN22: 0 | BO22: 0 | BP22: 0 | BR22: 0.010050532 | BS22: 0.081411695 | BT22: 0.10057307 | BV22: 0.0089847642 | BW22: 0.057671218 | BX22: 0.062217973
AP23: 0 | AQ23: 0 | AR23: 0 | AT23: 0.10589839 | AU23: 0.072767013 | AV23: 0.064843759 | AX23: 0.072598852 | AY23: 0.029848831 | AZ23: 0.02462973 | BB23: -0.082162929 | BC23: 0.33180103 | BD23: 0.26669765 | BF23: -0.086756293 | BG23: 0.26209126 | BH23: 0.15258788 | BJ23: -0.086756293 | BK23: 0.26209126 | BL23: 0.15258788 | BN23: -0.009972563 | BO23: 0.20874918 | BP23: 0.15049318 | BR23: 0.0029248158 | BS23: 0.071658202 | BT23: 0.036809676 | BV23: 0.0021890977 | BW23: 0.015963111 | BX23: 0.0086591211
AP24: 0 | AQ24: 0 | AR24: 0 | AT24: 0.075955843 | AU24: 0.069694832 | AV24: 0.064051547 | AX24: 0.019200473 | AY24: 0.023805305 | AZ24: 0.02305467 | BB24: -0.14551994 | BC24: 0.41184552 | BD24: 0.44779694 | BF24: -0.07275997 | BG24: 0.20592276 | BH24: 0.22389847 | BJ24: 0 | BK24: 0 | BL24: 0 | BN24: 0 | BO24: 0 | BP24: 0 | BR24: 0.0078788512 | BS24: -0.35328716 | BT24: -0.33644473 | BV24: 0.0033298657 | BW24: -0.22911647 | BX24: -0.26615436
AP25: -12.739633 | AQ25: 0 | AR25: 0 | AT25: -0.9215048 | AU25: 0.066251537 | AV25: 0.059853468 | AX25: -0.038093724 | AY25: 0.0071062631 | AZ25: 0.0083689644 | BB25: 0.029573371 | BC25: -0.48879655 | BD25: -0.46523227 | BF25: 0.0289421 | BG25: -0.51321377 | BH25: -0.48618146 | BJ25: 0.0289421 | BK25: -0.51321377 | BL25: -0.48618146 | BN25: 0.011841557 | BO25: -0.073717902 | BP25: -0.080877513 | BR25: 0.0093061329 | BS25: -0.4259906 | BT25: -0.34879088 | BV25: 0.0062174191 | BW25: -0.21580672 | BX25: -0.13696274
AP26: 0 | AQ26: 0 | AR26: 0 | AT26: 0.075227596 | AU26: 0.065906399 | AV26: 0.061490523 | AX26: 0.00798104 | AY26: 0.012558673 | AZ26: 0.017237852 | BR26: 0.014080492 | BS26: 0.022531059 | BT26: -0.0044277682 | BV26: 0.014005898 | BW26: 0.012319778 | BX26: -0.0021859465
AP27: 0 | AQ27: 0 | AR27: 0 | AT27: 0.087862652 | AU27: 0.06650963 | AV27: 0.059820358 | AX27: 0.043195912 | AY27: 0.015521046 | AZ27: 0.0087727176 | BR27: 0.0097550963 | BS27: -0.11638098 | BT27: -0.13070859 | BV27: 0.0084308865 | BW27: -0.06955602 | BX27: -0.071117542
AP28: 0 | AQ28: -5.1963666 | AR28: -5.6387532 | AT28: 0.1744199 | AU28: -0.80755784 | AV28: -0.82265583 | AX28: 0.17731014 | AY28: -0.88387772 | AZ28: -0.90317499 | BR28: -0.018511234 | BS28: 0.55716369 | BT28: 0.4321275 | BV28: -0.018326051 | BW28: 0.3798721 | BX28: 0.27422348
AP29: 0 | AQ29: 0 | AR29: 0 | AT29: 0.11733036 | AU29: 0.1960585 | AV29: 0.25055154 | AX29: 0.090665414 | AY29: 0.21549882 | AZ29: 0.2863788 | BR29: -0.0043270717 | BS29: 0.11686374 | BT29: 0.15658328 | BV29: -0.0033234274 | BW29: 0.11637247 | BX29: 0.14868855
L36: Weight Update | AV36: =HYPERLINK("#Dashboard!dashboard_list", "↩ List") -> ↩ List | BD36: Mean Gradient | BW36: =HYPERLINK("#Dashboard!dashboard_list", "↩ List") -> ↩ List
M38: Weights | BD38: Ep | BE38: G₀ | BF38: G₁ | BG38: G₂ | BH38: G₃ | BI38: G₄ | BJ38: G₅ | BK38: G₆ | BL38: G₇ | BM38: G₈ | BN38: G₉ | BO38: G₁₀ | BP38: G₁₁
M39: ⟶ ⟶ ⟶ ⟶ | BD39: {=_xlfn.SEQUENCE(2,1,0)} -> 0 | BE39: {=IFERROR(SUMPRODUCT(ABS(Blueprint!G_0))/COUNT(Blueprint!G_0),"")} -> 0.067877557 | BF39: {=IFERROR(SUMPRODUCT(ABS(Blueprint!G_1))/COUNT(Blueprint!G_1),"")} -> 0.23160938 | BG39: {=IFERROR(SUMPRODUCT(ABS(Blueprint!G_2))/COUNT(Blueprint!G_2),"")} -> 0.23874796 | BH39: {=IFERROR(SUMPRODUCT(ABS(Blueprint!G_3))/COUNT(Blueprint!G_3),"")} -> 0.12479603 | BI39: {=IFERROR(SUMPRODUCT(ABS(Blueprint!G_4))/COUNT(Blueprint!G_4),"")} -> 0.200558 | BJ39: {=IFERROR(SUMPRODUCT(ABS(Blueprint!G_5))/COUNT(Blueprint!G_5),"")} -> 0.079295733 | BK39: {=IFERROR(SUMPRODUCT(ABS(Blueprint!G_6))/COUNT(Blueprint!G_6),"")} -> 0.14664423 | BL39: {=IFERROR(SUMPRODUCT(ABS(Blueprint!G_7))/COUNT(Blueprint!G_7),"")} -> 0.19538413 | BM39: {=IFERROR(SUMPRODUCT(ABS(Blueprint!G_8))/COUNT(Blueprint!G_8),"")} -> 0.28485108 | BN39: {=IFERROR(SUMPRODUCT(ABS(Blueprint!G_9))/COUNT(Blueprint!G_9),"")} -> 0.11344734 | BO39: {=IFERROR(SUMPRODUCT(ABS(Blueprint!G_10))/COUNT(Blueprint!G_10),"")} -> 0.18006425 | BP39: {=IFERROR(SUMPRODUCT(ABS(Blueprint!G_11))/COUNT(Blueprint!G_11),"")} -> 1.0304504
K40: Epochs | M40: 𝒹W₀ (ep:0) | V40: 𝒹W₃ (ep:0) | AB40: 𝒹W₅ (ep:0) | AN40: 𝒹W₉ (ep:0) | BD40: 1 | BE40: {=IFERROR(SUMPRODUCT(ABS(Blueprint_ep1!G_0))/COUNT(Blueprint_ep1!G_0),"")} -> 0.030412752 | BF40: {=IFERROR(SUMPRODUCT(ABS(Blueprint_ep1!G_1))/COUNT(Blueprint_ep1!G_1),"")} -> 0.13484199 | BG40: {=IFERROR(SUMPRODUCT(ABS(Blueprint_ep1!G_2))/COUNT(Blueprint_ep1!G_2),"")} -> 0.14050186 | BH40: {=IFERROR(SUMPRODUCT(ABS(Blueprint_ep1!G_3))/COUNT(Blueprint_ep1!G_3),"")} -> 0.074436078 | BI40: {=IFERROR(SUMPRODUCT(ABS(Blueprint_ep1!G_4))/COUNT(Blueprint_ep1!G_4),"")} -> 0.12678129 | BJ40: {=IFERROR(SUMPRODUCT(ABS(Blueprint_ep1!G_5))/COUNT(Blueprint_ep1!G_5),"")} -> 0.067783592 | BK40: {=IFERROR(SUMPRODUCT(ABS(Blueprint_ep1!G_6))/COUNT(Blueprint_ep1!G_6),"")} -> 0.13139216 | BL40: {=IFERROR(SUMPRODUCT(ABS(Blueprint_ep1!G_7))/COUNT(Blueprint_ep1!G_7),"")} -> 0.20229207 | BM40: {=IFERROR(SUMPRODUCT(ABS(Blueprint_ep1!G_8))/COUNT(Blueprint_ep1!G_8),"")} -> 0.29585375 | BN40: {=IFERROR(SUMPRODUCT(ABS(Blueprint_ep1!G_9))/COUNT(Blueprint_ep1!G_9),"")} -> 0.11344605 | BO40: {=IFERROR(SUMPRODUCT(ABS(Blueprint_ep1!G_10))/COUNT(Blueprint_ep1!G_10),"")} -> 0.17011457 | BP40: {=IFERROR(SUMPRODUCT(ABS(Blueprint_ep1!G_11))/COUNT(Blueprint_ep1!G_11),"")} -> 0.78582508
K41: ↓ | M41: {=Blueprint!dW_0} -> -0.05220711 | N41: -0.027270332 | O41: -0.088382764 | P41: -0.056732887 | Q41: -0.013842111 | R41: -0.12623303 | S41: 0.042990928 | T41: 0.17385929 | V41: {=Blueprint!dW_3} -> -0.021534663 | W41: -0.0065813839 | X41: 0.0094030549 | Y41: -0.021006633 | Z41: -0.096383795 | AB41: {=Blueprint!dW_5} -> -0.42150152 | AC41: 0.59090241 | AD41: 0.38806802 | AE41: 0.5207452 | AF41: 0.28674399 | AG41: -0.52514919 | AH41: 0.38076992 | AI41: 0.39033934 | AJ41: -0.23048031 | AK41: 0.12613625 | AL41: 0.67703607 | AN41: {=Blueprint!dW_9} -> 0.00042495754 | AO41: 0.020535676 | AP41: 0.0053940135 | AQ41: 0.0011714981 | AR41: 0 | AS41: 0.022236691 | AT41: 0 | AU41: 0.028548533 | AV41: 0.047189417
K42: ↓ | M42: 0.1172662 | N42: 0.28435093 | O42: -0.078295887 | P42: 0.062542488 | Q42: -0.14743031 | R42: 0.26451896 | S42: -0.35748188 | T42: 0.37042311 | V42: -0.021308341 | W42: -0.0036697589 | X42: 0.0056515954 | Y42: -0.00088787693 | Z42: -0.06901114 | AB42: -0.24532112 | AC42: 0.39249172 | AD42: 0.25004663 | AE42: 0.36401433 | AF42: 0.20920673 | AG42: -0.3277391 | AH42: 0.27507738 | AI42: 0.25881605 | AJ42: -0.18124092 | AK42: 0.079365791 | AL42: 0.43518104 | AN42: 0.0037595474 | AO42: 0.2385852 | AP42: 0.062985179 | AQ42: 0.013027083 | AR42: 0 | AS42: 0.22039948 | AT42: 0 | AU42: 0.31054575 | AV42: 0.49762001
K43: ↓ | M43: 0.0064864311 | N43: -0.076477296 | O43: 0.061814563 | P43: -0.0067368281 | Q43: 0.090821369 | R43: 0.0034944433 | S43: 0.046891613 | T43: -0.21115904 | V43: 0.0092760135 | W43: 0.004359694 | X43: -0.017433593 | Y43: 0.10874493 | Z43: 0.18867675 | AB43: -0.045962772 | AC43: 0.065931016 | AD43: 0.043504723 | AE43: 0.060600613 | AF43: 0.027006258 | AG43: -0.056404998 | AH43: 0.049381802 | AI43: 0.044789632 | AJ43: -0.034593199 | AK43: 0.022172964 | AL43: 0.070329402 | AN43: 0.00062704029 | AO43: 0.065523819 | AP43: 0.018352826 | AQ43: 0.0022197393 | AR43: 0 | AS43: 0.034328371 | AT43: 0 | AU43: 0.071442636 | AV43: 0.10840475
M44: 0.014646627 | N44: -0.00070917397 | O44: -0.015409783 | P44: -0.020442412 | Q44: 0.036974454 | R44: 0.016217119 | S44: -0.045430042 | T44: 0.0095314208 | V44: -0.020108414 | W44: -0.0077107605 | X44: 0.011279484 | Y44: -0.034373819 | Z44: -0.11019565 | AB44: 0.10900608 | AC44: -0.19637995 | AD44: -0.12108979 | AE44: -0.18511791 | AF44: -0.12415501 | AG44: 0.15895962 | AH44: -0.13296485 | AI44: -0.12660713 | AJ44: 0.084501348 | AK44: -0.020129425 | AL44: -0.22229742 | AN44: 0.0016294397 | AO44: 0.054279216 | AP44: 0.012673383 | AQ44: 0.0051183487 | AR44: 0 | AS44: 0.095193228 | AT44: 0 | AU44: 0.094595828 | AV44: 0.16306539
M45: 𝒹W₀ (ep:1) | V45: 0.0037992368 | W45: -0.030813149 | X45: 0.063940311 | Y45: -0.41113216 | Z45: -0.56492177 | AB45: 0 | AC45: 0 | AD45: 0 | AE45: 0 | AF45: 0 | AG45: 0 | AH45: 0 | AI45: 0 | AJ45: 0 | AK45: 0 | AL45: 0 | AN45: 0.0005312893 | AO45: 0.036580879 | AP45: 0.0098103929 | AQ45: 0.0018023856 | AR45: 0 | AS45: 0.030378367 | AT45: 0 | AU45: 0.045824287 | AV45: 0.07274124
M46: {=Blueprint_ep1!dW_0} -> 0.0059503784 | N46: -0.01245186 | O46: -0.037799298 | P46: -0.040530509 | Q46: 0.049096183 | R46: -0.010731022 | S46: -0.044010059 | T46: 0.042430501 | V46: -0.023891828 | W46: -0.018824214 | X46: 0.048374643 | Y46: -0.28425519 | Z46: -0.48317984 | AB46: -0.17482126 | AC46: 0.27171903 | AD46: 0.17532201 | AE46: 0.25423737 | AF46: 0.12824242 | AG46: -0.2260797 | AH46: 0.20275716 | AI46: 0.18236472 | AJ46: -0.14141567 | AK46: 0.076137515 | AL46: 0.29146806 | AN46: -0.00056249884 | AO46: 0.0075450015 | AP46: 0.0031823204 | AQ46: -0.0011576819 | AR46: 0 | AS46: -0.028973843 | AT46: 0 | AU46: -0.0094007031 | AV46: -0.025087019
M47: 0.054033853 | N47: 0.13018774 | O47: -0.037066548 | P47: 0.027507535 | Q47: -0.066206938 | R47: 0.12115863 | S47: -0.16547156 | T47: 0.1713118 | V47: -0.00016598352 | W47: -0.0038300524 | X47: 0.0029488003 | Y47: -0.011187058 | Z47: -0.012733079 | AB47: 0 | AC47: 0 | AD47: 0 | AE47: 0 | AF47: 0 | AG47: 0 | AH47: 0 | AI47: 0 | AJ47: 0 | AK47: 0 | AL47: 0 | AN47: 0.00036918977 | AO47: 0.031477143 | AP47: 0.0086108396 | AQ47: 0.0013293189 | AR47: 0 | AS47: 0.021284266 | AT47: 0 | AU47: 0.036841725 | AV47: 0.057144439
M48: -0.028568632 | N48: -0.05010196 | O48: 0.0088423844 | P48: -0.010416041 | Q48: 0.013499218 | R48: -0.060740781 | S48: 0.076232712 | T48: -0.048121474 | V48: -0.018371307 | W48: -0.028748486 | X48: 0.04562665 | Y48: -0.24124874 | Z48: -0.38848076 | AB48: 0.12039776 | AC48: -0.1832047 | AD48: -0.11846857 | AE48: -0.16876742 | AF48: -0.088914736 | AG48: 0.15502495 | AH48: -0.13083273 | AI48: -0.12213405 | AJ48: 0.087806143 | AK48: -0.046012434 | AL48: -0.20084503 | AN48: 0.00068121607 | AO48: 0.016751913 | AP48: 0.0036662019 | AQ48: 0.0019091535 | AR48: 0 | AS48: 0.037863104 | AT48: 0 | AU48: 0.033763686 | AV48: 0.060249502
M49: -0.0037481573 | N49: 0.015754032 | O49: 0.01260385 | P49: 0.022162937 | Q49: -0.036529969 | R49: 0.0055376046 | S49: 0.017284218 | T49: 0.0026413948 | V49: 0.017634815 | W49: 0.052195177 | X49: -0.10610288 | Y49: 0.64297245 | Z49: 0.95843828 | AB49: 𝒹W₅ (ep:1) | AN49: -0.0047711873 | AO49: -1.0267372 | AP49: -0.29180015 | AQ49: -0.028783677 | AR49: 0 | AS49: -0.33537125 | AT49: 0 | AU49: -1.0089434 | AV49: -1.4486653
V50: 0.026337276 | W50: 0.057077322 | X50: -0.086122348 | Y50: 0.45945058 | Z50: 0.70784427 | AB50: {=Blueprint_ep1!dW_5} -> 0 | AC50: 0 | AD50: 0 | AE50: 0 | AF50: 0 | AG50: 0 | AH50: 0 | AI50: 0 | AJ50: 0 | AK50: 0 | AL50: 0 | AN50: 0.0043305184 | AO50: 0.40551111 | AP50: 0.11253635 | AQ50: 0.015090484 | AR50: 0 | AS50: 0.23977786 | AT50: 0 | AU50: 0.45663023 | AV50: 0.70080921
V51: 𝒹W₃ (ep:1) | AB51: -0.31700426 | AC51: 0.51882744 | AD51: 0.32048814 | AE51: 0.48963478 | AF51: 0.29635208 | AG51: -0.41085584 | AH51: 0.38488835 | AI51: 0.36384577 | AJ51: -0.32458277 | AK51: 0.076263847 | AL51: 0.55741237 | AN51: 𝒹W₉ (ep:1)
V52: {=Blueprint_ep1!dW_3} -> -0.0040523233 | W52: -0.0012512741 | X52: -0.0019991672 | Y52: 0.023259951 | Z52: 0.022866944 | AB52: 0.01728596 | AC52: -0.031448282 | AD52: -0.018629494 | AE52: -0.03011433 | AF52: -0.019957106 | AG52: 0.024178804 | AH52: -0.023093871 | AI52: -0.021770017 | AJ52: 0.019369386 | AK52: -0.0025740225 | AL52: -0.03417648 | AN52: {=Blueprint_ep1!dW_9} -> 0 | AO52: 0.017179953 | AP52: 0.0058699012 | AQ52: 0.0070525652 | AR52: 0 | AS52: 0.018787793 | AT52: 0 | AU52: 0.035212505 | AV52: 0.050230367
V53: -0.0038812856 | W53: -0.00077753955 | X53: -0.0041993047 | Y53: 0.036086578 | Z53: 0.04151146 | AB53: 0.28321611 | AC53: -0.45859487 | AD53: -0.28471146 | AE53: -0.43262434 | AF53: -0.25739721 | AG53: 0.36387538 | AH53: -0.34230347 | AI53: -0.32235864 | AJ53: 0.28952941 | AK53: -0.072833253 | AL53: -0.49077482 | AN53: 0 | AO53: 0.12007831 | AP53: 0.040816078 | AQ53: 0.05352029 | AR53: 0 | AS53: 0.13634356 | AT53: 0 | AU53: 0.2499516 | AV53: 0.35546033
V54: -0.001799498 | W54: 0.00072867391 | X54: -0.013747353 | Y54: 0.091997666 | Z54: 0.12887396 | AB54: 0 | AC54: 0 | AD54: 0 | AE54: 0 | AF54: 0 | AG54: 0 | AH54: 0 | AI54: 0 | AJ54: 0 | AK54: 0 | AL54: 0 | AN54: 0 | AO54: 0.040964359 | AP54: 0.014026652 | AQ54: 0.010825013 | AR54: 0 | AS54: 0.020490161 | AT54: 0 | AU54: 0.065250095 | AV54: 0.088810955
V55: -0.00030201934 | W55: -0.00044376888 | X55: -0.0023905696 | Y55: 0.018055623 | Z55: 0.02681133 | AB55: -0.1991985 | AC55: 0.32768328 | AD55: 0.20241582 | AE55: 0.31064038 | AF55: 0.1849668 | AG55: -0.25816585 | AH55: 0.24688985 | AI55: 0.23035066 | AJ55: -0.20972386 | AK55: 0.052129436 | AL55: 0.34926979 | AN55: 0 | AO55: 0.027290822 | AP55: 0.0092601799 | AQ55: 0.020648467 | AR55: 0 | AS55: 0.067109365 | AT55: 0 | AU55: 0.084618149 | AV55: 0.12707741
V56: 0.01810764 | W56: -0.0056027543 | X56: 0.056512877 | Y56: -0.38270614 | Z56: -0.49194097 | AB56: 0 | AC56: 0 | AD56: 0 | AE56: 0 | AF56: 0 | AG56: 0 | AH56: 0 | AI56: 0 | AJ56: 0 | AK56: 0 | AL56: 0 | AN56: 0 | AO56: 0.023737656 | AP56: 0.0080731197 | AQ56: 0.0097610622 | AR56: 0 | AS56: 0.023646455 | AT56: 0 | AU56: 0.046866355 | AV56: 0.066060447
V57: 0.014219373 | W57: 0.0033241465 | X57: 0.034467614 | Y57: -0.26204911 | Z57: -0.34655204 | AB57: 0.085903455 | AC57: -0.1366301 | AD57: -0.085898027 | AE57: -0.12977908 | AF57: -0.071673366 | AG57: 0.10798776 | AH57: -0.10631434 | AI57: -0.097005978 | AJ57: 0.091658139 | AK57: -0.028642955 | AL57: -0.14275386 | AN57: 0 | AO57: 0.0079456208 | AP57: 0.0027097113 | AQ57: -0.0047955287 | AR57: 0 | AS57: -0.026925912 | AT57: 0 | AU57: -0.011138193 | AV57: -0.022618496
V58: 0.0033180423 | W58: -0.0014174563 | X58: -0.00077341742 | Y58: 0.0060065481 | Z58: 0.024139729 | AN58: 0 | AO58: 0.015457103 | AP58: 0.0052822682 | AQ58: 0.0050121535 | AR58: 0 | AS58: 0.011129321 | AT58: 0 | AU58: 0.02723532 | AV58: 0.037777565
V59: 0.0071538775 | W59: -0.001199032 | X59: 0.015335831 | Y59: -0.10794797 | Z59: -0.13224268 | AN59: 0 | AO59: 0.011858468 | AP59: 0.0040017804 | AQ59: 0.011509741 | AR59: 0 | AS59: 0.038872173 | AT59: 0 | AU59: 0.044242582 | AV59: 0.067489676
V60: -0.02805161 | W60: -0.0030786977 | X60: -0.065879669 | Y60: 0.4901133 | Z60: 0.63576954 | AN60: 0 | AO60: -0.90863518 | AP60: -0.30926019 | AQ60: -0.20664052 | AR60: 0 | AS60: -0.18874317 | AT60: 0 | AU60: -1.2423862 | AV60: -1.6097426
V61: -0.010063824 | W61: 0.0039313577 | X61: -0.030869388 | Y61: 0.2061103 | Z61: 0.26173759 | AN61: 0 | AO61: 0.25979282 | AP61: 0.08874281 | AQ61: 0.077335393 | AR61: 0 | AS61: 0.15437726 | AT61: 0 | AU61: 0.43258637 | AV61: 0.59254304

Sheet tinyDigits
C1: Dataset | D1: tinyDigits | J1: =OFFSET(Helper!J13,0,1) -> 2 | Z1: DO NOT CHANGE ANYTHING IN THIS TAB!
C2: 0 | J2: 1 | Q2: 2 | X2: 3 | AE2: 4 | AL2: 5 | AS2: 6 | AZ2: 7 | BG2: 8 | BN2: 9 | BU2: 10 | CE2: Metadata
B3: 0 | C3: Original | J3: {=INDEX(Helper!$E$13:$E$22, OFFSET(Helper!$J$13,$B3,J$2))} -> Vertical Flip | Q3: {=INDEX(Helper!$E$13:$E$22, OFFSET(Helper!$J$13,$B3,Q$2))} -> Shift Right | X3: {=INDEX(Helper!$E$13:$E$22, OFFSET(Helper!$J$13,$B3,X$2))} -> 90 CCW | AE3: {=INDEX(Helper!$E$13:$E$22, OFFSET(Helper!$J$13,$B3,AE$2))} -> Shift Up | AL3: {=INDEX(Helper!$E$13:$E$22, OFFSET(Helper!$J$13,$B3,AL$2))} -> Shift Down | AS3: {=INDEX(Helper!$E$13:$E$22, OFFSET(Helper!$J$13,$B3,AS$2))} -> Shift Left | AZ3: {=INDEX(Helper!$E$13:$E$22, OFFSET(Helper!$J$13,$B3,AZ$2))} -> 180 Rotation | BG3: {=INDEX(Helper!$E$13:$E$22, OFFSET(Helper!$J$13,$B3,BG$2))} -> Noise | BN3: {=INDEX(Helper!$E$13:$E$22, OFFSET(Helper!$J$13,$B3,BN$2))} -> Horizontal Flip | BU3: {=INDEX(Helper!$E$13:$E$22, OFFSET(Helper!$J$13,$B3,BU$2))} -> 90 CW | CD3: class | CE3: 10
C4: 0.19397269 | D4: 1 | E4: 1 | F4: 1 | G4: 0.23189844 | J4: {=_xlfn.IFS(J3="None", $C4:$G8*0, J3="Horizontal Flip", INDEX($C4:$G8, _xlfn.SEQUENCE(5), 6 - _xlfn.SEQUENCE(1,5)), J3="Vertical Flip", INDEX($C4:$G8, 6 - _xlfn.SEQUENCE(5), _xlfn.SEQUENCE(1,5)), J3="180 Rotation", INDEX($C4:$G8, 6 - _xlfn.SEQUENCE(5), 6 - _xlfn.SEQUENCE(1,5)), J3="90 CW", INDEX($C4:$G8, 6 - _xlfn.SEQUENCE(1,5), _xlfn.SEQUENCE(5)), J3="90 CCW", INDEX($C4:$G8, _xlfn.SEQUENCE(1,5), 6 - _xlfn.SEQUENCE(5)), J3="Shift Up", IF(_xlfn.SEQUENCE(5)+1<=5, INDEX($C4:$G8, _xlfn.SEQUENCE(5)+1, _xlfn.SEQUENCE(1,5)), 0), J3="Shift Down", IF(_xlfn.SEQUENCE(5)-1>=1, INDEX($C4:$G8, _xlfn.SEQUENCE(5)-1, _xlfn.SEQUENCE(1,5)), 0), J3="Shift Left", IF(_xlfn.SEQUENCE(1,5)+1<=5, INDEX($C4:$G8, _xlfn.SEQUENCE(5), _xlfn.SEQUENCE(1,5)+1),0), J3= "Shift Right", IF(_xlfn.SEQUENCE(1,5)-1>=1, INDEX($C4:$G8, _xlfn.SEQUENCE(5), _xlfn.SEQUENCE(1,5)-1), 0), J3="Noise", _xlfn.MAP($C4:$G8 + (_xlfn.RANDARRAY(ROWS($C4:$G8), COLUMNS($C4:$G8)) - 0.5) * 0.4, _xlfn.LAMBDA(_xlpm.x, MAX(0, MIN(1, _xlpm.x)))))} -> 0.63892938 | K4: 0.38883353 | L4: 0.6159387 | M4: 0.64781383 | N4: 0.22260189 | Q4: {=_xlfn.IFS(Q3="None", $C4:$G8*0, Q3="Horizontal Flip", INDEX($C4:$G8, _xlfn.SEQUENCE(5), 6 - _xlfn.SEQUENCE(1,5)), Q3="Vertical Flip", INDEX($C4:$G8, 6 - _xlfn.SEQUENCE(5), _xlfn.SEQUENCE(1,5)), Q3="180 Rotation", INDEX($C4:$G8, 6 - _xlfn.SEQUENCE(5), 6 - _xlfn.SEQUENCE(1,5)), Q3="90 CW", INDEX($C4:$G8, 6 - _xlfn.SEQUENCE(1,5), _xlfn.SEQUENCE(5)), Q3="90 CCW", INDEX($C4:$G8, _xlfn.SEQUENCE(1,5), 6 - _xlfn.SEQUENCE(5)), Q3="Shift Up", IF(_xlfn.SEQUENCE(5)+1<=5, INDEX($C4:$G8, _xlfn.SEQUENCE(5)+1, _xlfn.SEQUENCE(1,5)), 0), Q3="Shift Down", IF(_xlfn.SEQUENCE(5)-1>=1, INDEX($C4:$G8, _xlfn.SEQUENCE(5)-1, _xlfn.SEQUENCE(1,5)), 0), Q3="Shift Left", IF(_xlfn.SEQUENCE(1,5)+1<=5, INDEX($C4:$G8, _xlfn.SEQUENCE(5), _xlfn.SEQUENCE(1,5)+1),0), Q3= "Shift Right", IF(_xlfn.SEQUENCE(1,5)-1>=1, INDEX($C4:$G8, _xlfn.SEQUENCE(5), _xlfn.SEQUENCE(1,5)-1), 0), Q3="Noise", _xlfn.MAP($C4:$G8 + (_xlfn.RANDARRAY(ROWS($C4:$G8), COLUMNS($C4:$G8)) - 0.5) * 0.4, _xlfn.LAMBDA(_xlpm.x, MAX(0, MIN(1, _xlpm.x)))))} -> 0 | R4: 0.19397269 | S4: 1 | T4: 1 | U4: 1 | X4: {=_xlfn.IFS(X3="None", $C4:$G8*0, X3="Horizontal Flip", INDEX($C4:$G8, _xlfn.SEQUENCE(5), 6 - _xlfn.SEQUENCE(1,5)), X3="Vertical Flip", INDEX($C4:$G8, 6 - _xlfn.SEQUENCE(5), _xlfn.SEQUENCE(1,5)), X3="180 Rotation", INDEX($C4:$G8, 6 - _xlfn.SEQUENCE(5), 6 - _xlfn.SEQUENCE(1,5)), X3="90 CW", INDEX($C4:$G8, 6 - _xlfn.SEQUENCE(1,5), _xlfn.SEQUENCE(5)), X3="90 CCW", INDEX($C4:$G8, _xlfn.SEQUENCE(1,5), 6 - _xlfn.SEQUENCE(5)), X3="Shift Up", IF(_xlfn.SEQUENCE(5)+1<=5, INDEX($C4:$G8, _xlfn.SEQUENCE(5)+1, _xlfn.SEQUENCE(1,5)), 0), X3="Shift Down", IF(_xlfn.SEQUENCE(5)-1>=1, INDEX($C4:$G8, _xlfn.SEQUENCE(5)-1, _xlfn.SEQUENCE(1,5)), 0), X3="Shift Left", IF(_xlfn.SEQUENCE(1,5)+1<=5, INDEX($C4:$G8, _xlfn.SEQUENCE(5), _xlfn.SEQUENCE(1,5)+1),0), X3= "Shift Right", IF(_xlfn.SEQUENCE(1,5)-1>=1, INDEX($C4:$G8, _xlfn.SEQUENCE(5), _xlfn.SEQUENCE(1,5)-1), 0), X3="Noise", _xlfn.MAP($C4:$G8 + (_xlfn.RANDARRAY(ROWS($C4:$G8), COLUMNS($C4:$G8)) - 0.5) * 0.4, _xlfn.LAMBDA(_xlpm.x, MAX(0, MIN(1, _xlpm.x)))))} -> 0.23189844 | Y4: 0.20412302 | Z4: 0.35168989 | AA4: 0.53040139 | AB4: 0.22260189 | AE4: {=_xlfn.IFS(AE3="None", $C4:$G8*0, AE3="Horizontal Flip", INDEX($C4:$G8, _xlfn.SEQUENCE(5), 6 - _xlfn.SEQUENCE(1,5)), AE3="Vertical Flip", INDEX($C4:$G8, 6 - _xlfn.SEQUENCE(5), _xlfn.SEQUENCE(1,5)), AE3="180 Rotation", INDEX($C4:$G8, 6 - _xlfn.SEQUENCE(5), 6 - _xlfn.SEQUENCE(1,5)), AE3="90 CW", INDEX($C4:$G8, 6 - _xlfn.SEQUENCE(1,5), _xlfn.SEQUENCE(5)), AE3="90 CCW", INDEX($C4:$G8, _xlfn.SEQUENCE(1,5), 6 - _xlfn.SEQUENCE(5)), AE3="Shift Up", IF(_xlfn.SEQUENCE(5)+1<=5, INDEX($C4:$G8, _xlfn.SEQUENCE(5)+1, _xlfn.SEQUENCE(1,5)), 0), AE3="Shift Down", IF(_xlfn.SEQUENCE(5)-1>=1, INDEX($C4:$G8, _xlfn.SEQUENCE(5)-1, _xlfn.SEQUENCE(1,5)), 0), AE3="Shift Left", IF(_xlfn.SEQUENCE(1,5)+1<=5, INDEX($C4:$G8, _xlfn.SEQUENCE(5), _xlfn.SEQUENCE(1,5)+1),0), AE3= "Shift Right", IF(_xlfn.SEQUENCE(1,5)-1>=1, INDEX($C4:$G8, _xlfn.SEQUENCE(5), _xlfn.SEQUENCE(1,5)-1), 0), AE3="Noise", _xlfn.MAP($C4:$G8 + (_xlfn.RANDARRAY(ROWS($C4:$G8), COLUMNS($C4:$G8)) - 0.5) * 0.4, _xlfn.LAMBDA(_xlpm.x, MAX(0, MIN(1, _xlpm.x)))))} -> 0.62984699 | AF4: 1 | AG4: 0.29821821 | AH4: 1 | AI4: 0.20412302 | AL4: {=_xlfn.IFS(AL3="None", $C4:$G8*0, AL3="Horizontal Flip", INDEX($C4:$G8, _xlfn.SEQUENCE(5), 6 - _xlfn.SEQUENCE(1,5)), AL3="Vertical Flip", INDEX($C4:$G8, 6 - _xlfn.SEQUENCE(5), _xlfn.SEQUENCE(1,5)), AL3="180 Rotation", INDEX($C4:$G8, 6 - _xlfn.SEQUENCE(5), 6 - _xlfn.SEQUENCE(1,5)), AL3="90 CW", INDEX($C4:$G8, 6 - _xlfn.SEQUENCE(1,5), _xlfn.SEQUENCE(5)), AL3="90 CCW", INDEX($C4:$G8, _xlfn.SEQUENCE(1,5), 6 - _xlfn.SEQUENCE(5)), AL3="Shift Up", IF(_xlfn.SEQUENCE(5)+1<=5, INDEX($C4:$G8, _xlfn.SEQUENCE(5)+1, _xlfn.SEQUENCE(1,5)), 0), AL3="Shift Down", IF(_xlfn.SEQUENCE(5)-1>=1, INDEX($C4:$G8, _xlfn.SEQUENCE(5)-1, _xlfn.SEQUENCE(1,5)), 0), AL3="Shift Left", IF(_xlfn.SEQUENCE(1,5)+1<=5, INDEX($C4:$G8, _xlfn.SEQUENCE(5), _xlfn.SEQUENCE(1,5)+1),0), AL3= "Shift Right", IF(_xlfn.SEQUENCE(1,5)-1>=1, INDEX($C4:$G8, _xlfn.SEQUENCE(5), _xlfn.SEQUENCE(1,5)-1), 0), AL3="Noise", _xlfn.MAP($C4:$G8 + (_xlfn.RANDARRAY(ROWS($C4:$G8), COLUMNS($C4:$G8)) - 0.5) * 0.4, _xlfn.LAMBDA(_xlpm.x, MAX(0, MIN(1, _xlpm.x)))))} -> 0 | AM4: 0 | AN4: 0 | AO4: 0 | AP4: 0 | AS4: {=_xlfn.IFS(AS3="None", $C4:$G8*0, AS3="Horizontal Flip", INDEX($C4:$G8, _xlfn.SEQUENCE(5), 6 - _xlfn.SEQUENCE(1,5)), AS3="Vertical Flip", INDEX($C4:$G8, 6 - _xlfn.SEQUENCE(5), _xlfn.SEQUENCE(1,5)), AS3="180 Rotation", INDEX($C4:$G8, 6 - _xlfn.SEQUENCE(5), 6 - _xlfn.SEQUENCE(1,5)), AS3="90 CW", INDEX($C4:$G8, 6 - _xlfn.SEQUENCE(1,5), _xlfn.SEQUENCE(5)), AS3="90 CCW", INDEX($C4:$G8, _xlfn.SEQUENCE(1,5), 6 - _xlfn.SEQUENCE(5)), AS3="Shift Up", IF(_xlfn.SEQUENCE(5)+1<=5, INDEX($C4:$G8, _xlfn.SEQUENCE(5)+1, _xlfn.SEQUENCE(1,5)), 0), AS3="Shift Down", IF(_xlfn.SEQUENCE(5)-1>=1, INDEX($C4:$G8, _xlfn.SEQUENCE(5)-1, _xlfn.SEQUENCE(1,5)), 0), AS3="Shift Left", IF(_xlfn.SEQUENCE(1,5)+1<=5, INDEX($C4:$G8, _xlfn.SEQUENCE(5), _xlfn.SEQUENCE(1,5)+1),0), AS3= "Shift Right", IF(_xlfn.SEQUENCE(1,5)-1>=1, INDEX($C4:$G8, _xlfn.SEQUENCE(5), _xlfn.SEQUENCE(1,5)-1), 0), AS3="Noise", _xlfn.MAP($C4:$G8 + (_xlfn.RANDARRAY(ROWS($C4:$G8), COLUMNS($C4:$G8)) - 0.5) * 0.4, _xlfn.LAMBDA(_xlpm.x, MAX(0, MIN(1, _xlpm.x)))))} -> 1 | AT4: 1 | AU4: 1 | AV4: 0.23189844 | AW4: 0 | AZ4: {=_xlfn.IFS(AZ3="None", $C4:$G8*0, AZ3="Horizontal Flip", INDEX($C4:$G8, _xlfn.SEQUENCE(5), 6 - _xlfn.SEQUENCE(1,5)), AZ3="Vertical Flip", INDEX($C4:$G8, 6 - _xlfn.SEQUENCE(5), _xlfn.SEQUENCE(1,5)), AZ3="180 Rotation", INDEX($C4:$G8, 6 - _xlfn.SEQUENCE(5), 6 - _xlfn.SEQUENCE(1,5)), AZ3="90 CW", INDEX($C4:$G8, 6 - _xlfn.SEQUENCE(1,5), _xlfn.SEQUENCE(5)), AZ3="90 CCW", INDEX($C4:$G8, _xlfn.SEQUENCE(1,5), 6 - _xlfn.SEQUENCE(5)), AZ3="Shift Up", IF(_xlfn.SEQUENCE(5)+1<=5, INDEX($C4:$G8, _xlfn.SEQUENCE(5)+1, _xlfn.SEQUENCE(1,5)), 0), AZ3="Shift Down", IF(_xlfn.SEQUENCE(5)-1>=1, INDEX($C4:$G8, _xlfn.SEQUENCE(5)-1, _xlfn.SEQUENCE(1,5)), 0), AZ3="Shift Left", IF(_xlfn.SEQUENCE(1,5)+1<=5, INDEX($C4:$G8, _xlfn.SEQUENCE(5), _xlfn.SEQUENCE(1,5)+1),0), AZ3= "Shift Right", IF(_xlfn.SEQUENCE(1,5)-1>=1, INDEX($C4:$G8, _xlfn.SEQUENCE(5), _xlfn.SEQUENCE(1,5)-1), 0), AZ3="Noise", _xlfn.MAP($C4:$G8 + (_xlfn.RANDARRAY(ROWS($C4:$G8), COLUMNS($C4:$G8)) - 0.5) * 0.4, _xlfn.LAMBDA(_xlpm.x, MAX(0, MIN(1, _xlpm.x)))))} -> 0.22260189 | BA4: 0.64781383 | BB4: 0.6159387 | BC4: 0.38883353 | BD4: 0.63892938 | BG4: {=_xlfn.IFS(BG3="None", $C4:$G8*0, BG3="Horizontal Flip", INDEX($C4:$G8, _xlfn.SEQUENCE(5), 6 - _xlfn.SEQUENCE(1,5)), BG3="Vertical Flip", INDEX($C4:$G8, 6 - _xlfn.SEQUENCE(5), _xlfn.SEQUENCE(1,5)), BG3="180 Rotation", INDEX($C4:$G8, 6 - _xlfn.SEQUENCE(5), 6 - _xlfn.SEQUENCE(1,5)), BG3="90 CW", INDEX($C4:$G8, 6 - _xlfn.SEQUENCE(1,5), _xlfn.SEQUENCE(5)), BG3="90 CCW", INDEX($C4:$G8, _xlfn.SEQUENCE(1,5), 6 - _xlfn.SEQUENCE(5)), BG3="Shift Up", IF(_xlfn.SEQUENCE(5)+1<=5, INDEX($C4:$G8, _xlfn.SEQUENCE(5)+1, _xlfn.SEQUENCE(1,5)), 0), BG3="Shift Down", IF(_xlfn.SEQUENCE(5)-1>=1, INDEX($C4:$G8, _xlfn.SEQUENCE(5)-1, _xlfn.SEQUENCE(1,5)), 0), BG3="Shift Left", IF(_xlfn.SEQUENCE(1,5)+1<=5, INDEX($C4:$G8, _xlfn.SEQUENCE(5), _xlfn.SEQUENCE(1,5)+1),0), BG3= "Shift Right", IF(_xlfn.SEQUENCE(1,5)-1>=1, INDEX($C4:$G8, _xlfn.SEQUENCE(5), _xlfn.SEQUENCE(1,5)-1), 0), BG3="Noise", _xlfn.MAP($C4:$G8 + (_xlfn.RANDARRAY(ROWS($C4:$G8), COLUMNS($C4:$G8)) - 0.5) * 0.4, _xlfn.LAMBDA(_xlpm.x, MAX(0, MIN(1, _xlpm.x)))))} -> 0.32016519 | BH4: 0.98942065 | BI4: 0.8206703 | BJ4: 1 | BK4: 0.19012908 | BN4: {=_xlfn.IFS(BN3="None", $C4:$G8*0, BN3="Horizontal Flip", INDEX($C4:$G8, _xlfn.SEQUENCE(5), 6 - _xlfn.SEQUENCE(1,5)), BN3="Vertical Flip", INDEX($C4:$G8, 6 - _xlfn.SEQUENCE(5), _xlfn.SEQUENCE(1,5)), BN3="180 Rotation", INDEX($C4:$G8, 6 - _xlfn.SEQUENCE(5), 6 - _xlfn.SEQUENCE(1,5)), BN3="90 CW", INDEX($C4:$G8, 6 - _xlfn.SEQUENCE(1,5), _xlfn.SEQUENCE(5)), BN3="90 CCW", INDEX($C4:$G8, _xlfn.SEQUENCE(1,5), 6 - _xlfn.SEQUENCE(5)), BN3="Shift Up", IF(_xlfn.SEQUENCE(5)+1<=5, INDEX($C4:$G8, _xlfn.SEQUENCE(5)+1, _xlfn.SEQUENCE(1,5)), 0), BN3="Shift Down", IF(_xlfn.SEQUENCE(5)-1>=1, INDEX($C4:$G8, _xlfn.SEQUENCE(5)-1, _xlfn.SEQUENCE(1,5)), 0), BN3="Shift Left", IF(_xlfn.SEQUENCE(1,5)+1<=5, INDEX($C4:$G8, _xlfn.SEQUENCE(5), _xlfn.SEQUENCE(1,5)+1),0), BN3= "Shift Right", IF(_xlfn.SEQUENCE(1,5)-1>=1, INDEX($C4:$G8, _xlfn.SEQUENCE(5), _xlfn.SEQUENCE(1,5)-1), 0), BN3="Noise", _xlfn.MAP($C4:$G8 + (_xlfn.RANDARRAY(ROWS($C4:$G8), COLUMNS($C4:$G8)) - 0.5) * 0.4, _xlfn.LAMBDA(_xlpm.x, MAX(0, MIN(1, _xlpm.x)))))} -> 0.23189844 | BO4: 1 | BP4: 1 | BQ4: 1 | BR4: 0.19397269 | BU4: {=_xlfn.IFS(BU3="None", $C4:$G8*0, BU3="Horizontal Flip", INDEX($C4:$G8, _xlfn.SEQUENCE(5), 6 - _xlfn.SEQUENCE(1,5)), BU3="Vertical Flip", INDEX($C4:$G8, 6 - _xlfn.SEQUENCE(5), _xlfn.SEQUENCE(1,5)), BU3="180 Rotation", INDEX($C4:$G8, 6 - _xlfn.SEQUENCE(5), 6 - _xlfn.SEQUENCE(1,5)), BU3="90 CW", INDEX($C4:$G8, 6 - _xlfn.SEQUENCE(1,5), _xlfn.SEQUENCE(5)), BU3="90 CCW", INDEX($C4:$G8, _xlfn.SEQUENCE(1,5), 6 - _xlfn.SEQUENCE(5)), BU3="Shift Up", IF(_xlfn.SEQUENCE(5)+1<=5, INDEX($C4:$G8, _xlfn.SEQUENCE(5)+1, _xlfn.SEQUENCE(1,5)), 0), BU3="Shift Down", IF(_xlfn.SEQUENCE(5)-1>=1, INDEX($C4:$G8, _xlfn.SEQUENCE(5)-1, _xlfn.SEQUENCE(1,5)), 0), BU3="Shift Left", IF(_xlfn.SEQUENCE(1,5)+1<=5, INDEX($C4:$G8, _xlfn.SEQUENCE(5), _xlfn.SEQUENCE(1,5)+1),0), BU3= "Shift Right", IF(_xlfn.SEQUENCE(1,5)-1>=1, INDEX($C4:$G8, _xlfn.SEQUENCE(5), _xlfn.SEQUENCE(1,5)-1), 0), BU3="Noise", _xlfn.MAP($C4:$G8 + (_xlfn.RANDARRAY(ROWS($C4:$G8), COLUMNS($C4:$G8)) - 0.5) * 0.4, _xlfn.LAMBDA(_xlpm.x, MAX(0, MIN(1, _xlpm.x)))))} -> 0.63892938 | BV4: 0.57347654 | BW4: 0.58778719 | BX4: 0.62984699 | BY4: 0.19397269 | CD4: names | CE4: 0, 1, 2, 3, 4, 5, 6, 7, 8, 9
C5: 0.62984699 | D5: 1 | E5: 0.29821821 | F5: 1 | G5: 0.20412302 | J5: 0.57347654 | K5: 1 | L5: 1 | M5: 1 | N5: 0.53040139 | Q5: 0 | R5: 0.62984699 | S5: 1 | T5: 0.29821821 | U5: 1 | X5: 1 | Y5: 1 | Z5: 1 | AA5: 1 | AB5: 0.64781383 | AE5: 0.58778719 | AF5: 1 | AG5: 0.36306765 | AH5: 1 | AI5: 0.35168989 | AL5: 0.19397269 | AM5: 1 | AN5: 1 | AO5: 1 | AP5: 0.23189844 | AS5: 1 | AT5: 0.29821821 | AU5: 1 | AV5: 0.20412302 | AW5: 0 | AZ5: 0.53040139 | BA5: 1 | BB5: 1 | BC5: 1 | BD5: 0.57347654 | BG5: 0.64807895 | BH5: 1 | BI5: 0.39426778 | BJ5: 1 | BK5: 0.013077818 | BN5: 0.20412302 | BO5: 1 | BP5: 0.29821821 | BQ5: 1 | BR5: 0.62984699 | BU5: 0.38883353 | BV5: 1 | BW5: 1 | BX5: 1 | BY5: 1 | CD5: samples | CE5: 11
C6: 0.58778719 | D6: 1 | E6: 0.36306765 | F6: 1 | G6: 0.35168989 | J6: 0.58778719 | K6: 1 | L6: 0.36306765 | M6: 1 | N6: 0.35168989 | Q6: 0 | R6: 0.58778719 | S6: 1 | T6: 0.36306765 | U6: 1 | X6: 1 | Y6: 0.29821821 | Z6: 0.36306765 | AA6: 1 | AB6: 0.6159387 | AE6: 0.57347654 | AF6: 1 | AG6: 1 | AH6: 1 | AI6: 0.53040139 | AL6: 0.62984699 | AM6: 1 | AN6: 0.29821821 | AO6: 1 | AP6: 0.20412302 | AS6: 1 | AT6: 0.36306765 | AU6: 1 | AV6: 0.35168989 | AW6: 0 | AZ6: 0.35168989 | BA6: 1 | BB6: 0.36306765 | BC6: 1 | BD6: 0.58778719 | BG6: 0.7670971 | BH6: 1 | BI6: 0.44289025 | BJ6: 1 | BK6: 0.33410534 | BN6: 0.35168989 | BO6: 1 | BP6: 0.36306765 | BQ6: 1 | BR6: 0.58778719 | BU6: 0.6159387 | BV6: 1 | BW6: 0.36306765 | BX6: 0.29821821 | BY6: 1 | CD6: rows | CE6: 5
C7: 0.57347654 | D7: 1 | E7: 1 | F7: 1 | G7: 0.53040139 | J7: 0.62984699 | K7: 1 | L7: 0.29821821 | M7: 1 | N7: 0.20412302 | Q7: 0 | R7: 0.57347654 | S7: 1 | T7: 1 | U7: 1 | X7: 1 | Y7: 1 | Z7: 1 | AA7: 1 | AB7: 0.38883353 | AE7: 0.63892938 | AF7: 0.38883353 | AG7: 0.6159387 | AH7: 0.64781383 | AI7: 0.22260189 | AL7: 0.58778719 | AM7: 1 | AN7: 0.36306765 | AO7: 1 | AP7: 0.35168989 | AS7: 1 | AT7: 1 | AU7: 1 | AV7: 0.53040139 | AW7: 0 | AZ7: 0.20412302 | BA7: 1 | BB7: 0.29821821 | BC7: 1 | BD7: 0.62984699 | BG7: 0.52653026 | BH7: 1 | BI7: 0.97777704 | BJ7: 0.81022178 | BK7: 0.547391 | BN7: 0.53040139 | BO7: 1 | BP7: 1 | BQ7: 1 | BR7: 0.57347654 | BU7: 0.64781383 | BV7: 1 | BW7: 1 | BX7: 1 | BY7: 1 | CD7: cols | CE7: 5
C8: 0.63892938 | D8: 0.38883353 | E8: 0.6159387 | F8: 0.64781383 | G8: 0.22260189 | J8: 0.19397269 | K8: 1 | L8: 1 | M8: 1 | N8: 0.23189844 | Q8: 0 | R8: 0.63892938 | S8: 0.38883353 | T8: 0.6159387 | U8: 0.64781383 | X8: 0.19397269 | Y8: 0.62984699 | Z8: 0.58778719 | AA8: 0.57347654 | AB8: 0.63892938 | AE8: 0 | AF8: 0 | AG8: 0 | AH8: 0 | AI8: 0 | AL8: 0.57347654 | AM8: 1 | AN8: 1 | AO8: 1 | AP8: 0.53040139 | AS8: 0.38883353 | AT8: 0.6159387 | AU8: 0.64781383 | AV8: 0.22260189 | AW8: 0 | AZ8: 0.23189844 | BA8: 1 | BB8: 1 | BC8: 1 | BD8: 0.19397269 | BG8: 0.53023844 | BH8: 0.5835007 | BI8: 0.53722764 | BJ8: 0.64186993 | BK8: 0.049999185 | BN8: 0.22260189 | BO8: 0.64781383 | BP8: 0.6159387 | BQ8: 0.38883353 | BR8: 0.63892938 | BU8: 0.22260189 | BV8: 0.53040139 | BW8: 0.35168989 | BX8: 0.20412302 | BY8: 0.23189844
B10: 1 | C10: Original | J10: {=INDEX(Helper!$E$13:$E$22, OFFSET(Helper!$J$13,$B10,J$2))} -> Vertical Flip | Q10: Horizontal Flip | X10: 90 CCW | AE10: {=INDEX(Helper!$E$13:$E$22, OFFSET(Helper!$J$13,$B10,AE$2))} -> 90 CW | AL10: {=INDEX(Helper!$E$13:$E$22, OFFSET(Helper!$J$13,$B10,AL$2))} -> Shift Left | AS10: {=INDEX(Helper!$E$13:$E$22, OFFSET(Helper!$J$13,$B10,AS$2))} -> Noise | AZ10: {=INDEX(Helper!$E$13:$E$22, OFFSET(Helper!$J$13,$B10,AZ$2))} -> 180 Rotation | BG10: {=INDEX(Helper!$E$13:$E$22, OFFSET(Helper!$J$13,$B10,BG$2))} -> Shift Down | BN10: {=INDEX(Helper!$E$13:$E$22, OFFSET(Helper!$J$13,$B10,BN$2))} -> 90 CCW | BU10: {=INDEX(Helper!$E$13:$E$22, OFFSET(Helper!$J$13,$B10,BU$2))} -> Shift Up
C11: 0.49852125 | D11: 0.32578389 | E11: 1 | F11: 0.23722851 | G11: 0.57956458 | J11: {=_xlfn.IFS(J10="None", $C11:$G15*0, J10="Horizontal Flip", INDEX($C11:$G15, _xlfn.SEQUENCE(5), 6 - _xlfn.SEQUENCE(1,5)), J10="Vertical Flip", INDEX($C11:$G15, 6 - _xlfn.SEQUENCE(5), _xlfn.SEQUENCE(1,5)), J10="180 Rotation", INDEX($C11:$G15, 6 - _xlfn.SEQUENCE(5), 6 - _xlfn.SEQUENCE(1,5)), J10="90 CW", INDEX($C11:$G15, 6 - _xlfn.SEQUENCE(1,5), _xlfn.SEQUENCE(5)), J10="90 CCW", INDEX($C11:$G15, _xlfn.SEQUENCE(1,5), 6 - _xlfn.SEQUENCE(5)), J10="Shift Up", IF(_xlfn.SEQUENCE(5)+1<=5, INDEX($C11:$G15, _xlfn.SEQUENCE(5)+1, _xlfn.SEQUENCE(1,5)), 0), J10="Shift Down", IF(_xlfn.SEQUENCE(5)-1>=1, INDEX($C11:$G15, _xlfn.SEQUENCE(5)-1, _xlfn.SEQUENCE(1,5)), 0), J10="Shift Left", IF(_xlfn.SEQUENCE(1,5)+1<=5, INDEX($C11:$G15, _xlfn.SEQUENCE(5), _xlfn.SEQUENCE(1,5)+1),0), J10= "Shift Right", IF(_xlfn.SEQUENCE(1,5)-1>=1, INDEX($C11:$G15, _xlfn.SEQUENCE(5), _xlfn.SEQUENCE(1,5)-1), 0), J10="Noise", _xlfn.MAP($C11:$G15 + (_xlfn.RANDARRAY(ROWS($C11:$G15), COLUMNS($C11:$G15)) - 0.5) * 0.4, _xlfn.LAMBDA(_xlpm.x, MAX(0, MIN(1, _xlpm.x)))))} -> 0.33432835 | K11: 1 | L11: 1 | M11: 1 | N11: 0.18222316 | Q11: {=_xlfn.IFS(Q10="None", $C11:$G15*0, Q10="Horizontal Flip", INDEX($C11:$G15, _xlfn.SEQUENCE(5), 6 - _xlfn.SEQUENCE(1,5)), Q10="Vertical Flip", INDEX($C11:$G15, 6 - _xlfn.SEQUENCE(5), _xlfn.SEQUENCE(1,5)), Q10="180 Rotation", INDEX($C11:$G15, 6 - _xlfn.SEQUENCE(5), 6 - _xlfn.SEQUENCE(1,5)), Q10="90 CW", INDEX($C11:$G15, 6 - _xlfn.SEQUENCE(1,5), _xlfn.SEQUENCE(5)), Q10="90 CCW", INDEX($C11:$G15, _xlfn.SEQUENCE(1,5), 6 - _xlfn.SEQUENCE(5)), Q10="Shift Up", IF(_xlfn.SEQUENCE(5)+1<=5, INDEX($C11:$G15, _xlfn.SEQUENCE(5)+1, _xlfn.SEQUENCE(1,5)), 0), Q10="Shift Down", IF(_xlfn.SEQUENCE(5)-1>=1, INDEX($C11:$G15, _xlfn.SEQUENCE(5)-1, _xlfn.SEQUENCE(1,5)), 0), Q10="Shift Left", IF(_xlfn.SEQUENCE(1,5)+1<=5, INDEX($C11:$G15, _xlfn.SEQUENCE(5), _xlfn.SEQUENCE(1,5)+1),0), Q10= "Shift Right", IF(_xlfn.SEQUENCE(1,5)-1>=1, INDEX($C11:$G15, _xlfn.SEQUENCE(5), _xlfn.SEQUENCE(1,5)-1), 0), Q10="Noise", _xlfn.MAP($C11:$G15 + (_xlfn.RANDARRAY(ROWS($C11:$G15), COLUMNS($C11:$G15)) - 0.5) * 0.4, _xlfn.LAMBDA(_xlpm.x, MAX(0, MIN(1, _xlpm.x)))))} -> 0.57956458 | R11: 0.23722851 | S11: 1 | T11: 0.32578389 | U11: 0.49852125 | X11: {=_xlfn.IFS(X10="None", $C11:$G15*0, X10="Horizontal Flip", INDEX($C11:$G15, _xlfn.SEQUENCE(5), 6 - _xlfn.SEQUENCE(1,5)), X10="Vertical Flip", INDEX($C11:$G15, 6 - _xlfn.SEQUENCE(5), _xlfn.SEQUENCE(1,5)), X10="180 Rotation", INDEX($C11:$G15, 6 - _xlfn.SEQUENCE(5), 6 - _xlfn.SEQUENCE(1,5)), X10="90 CW", INDEX($C11:$G15, 6 - _xlfn.SEQUENCE(1,5), _xlfn.SEQUENCE(5)), X10="90 CCW", INDEX($C11:$G15, _xlfn.SEQUENCE(1,5), 6 - _xlfn.SEQUENCE(5)), X10="Shift Up", IF(_xlfn.SEQUENCE(5)+1<=5, INDEX($C11:$G15, _xlfn.SEQUENCE(5)+1, _xlfn.SEQUENCE(1,5)), 0), X10="Shift Down", IF(_xlfn.SEQUENCE(5)-1>=1, INDEX($C11:$G15, _xlfn.SEQUENCE(5)-1, _xlfn.SEQUENCE(1,5)), 0), X10="Shift Left", IF(_xlfn.SEQUENCE(1,5)+1<=5, INDEX($C11:$G15, _xlfn.SEQUENCE(5), _xlfn.SEQUENCE(1,5)+1),0), X10= "Shift Right", IF(_xlfn.SEQUENCE(1,5)-1>=1, INDEX($C11:$G15, _xlfn.SEQUENCE(5), _xlfn.SEQUENCE(1,5)-1), 0), X10="Noise", _xlfn.MAP($C11:$G15 + (_xlfn.RANDARRAY(ROWS($C11:$G15), COLUMNS($C11:$G15)) - 0.5) * 0.4, _xlfn.LAMBDA(_xlpm.x, MAX(0, MIN(1, _xlpm.x)))))} -> 0.57956458 | Y11: 0.62339485 | Z11: 0.44243688 | AA11: 0.41742635 | AB11: 0.18222316 | AE11: {=_xlfn.IFS(AE10="None", $C11:$G15*0, AE10="Horizontal Flip", INDEX($C11:$G15, _xlfn.SEQUENCE(5), 6 - _xlfn.SEQUENCE(1,5)), AE10="Vertical Flip", INDEX($C11:$G15, 6 - _xlfn.SEQUENCE(5), _xlfn.SEQUENCE(1,5)), AE10="180 Rotation", INDEX($C11:$G15, 6 - _xlfn.SEQUENCE(5), 6 - _xlfn.SEQUENCE(1,5)), AE10="90 CW", INDEX($C11:$G15, 6 - _xlfn.SEQUENCE(1,5), _xlfn.SEQUENCE(5)), AE10="90 CCW", INDEX($C11:$G15, _xlfn.SEQUENCE(1,5), 6 - _xlfn.SEQUENCE(5)), AE10="Shift Up", IF(_xlfn.SEQUENCE(5)+1<=5, INDEX($C11:$G15, _xlfn.SEQUENCE(5)+1, _xlfn.SEQUENCE(1,5)), 0), AE10="Shift Down", IF(_xlfn.SEQUENCE(5)-1>=1, INDEX($C11:$G15, _xlfn.SEQUENCE(5)-1, _xlfn.SEQUENCE(1,5)), 0), AE10="Shift Left", IF(_xlfn.SEQUENCE(1,5)+1<=5, INDEX($C11:$G15, _xlfn.SEQUENCE(5), _xlfn.SEQUENCE(1,5)+1),0), AE10= "Shift Right", IF(_xlfn.SEQUENCE(1,5)-1>=1, INDEX($C11:$G15, _xlfn.SEQUENCE(5), _xlfn.SEQUENCE(1,5)-1), 0), AE10="Noise", _xlfn.MAP($C11:$G15 + (_xlfn.RANDARRAY(ROWS($C11:$G15), COLUMNS($C11:$G15)) - 0.5) * 0.4, _xlfn.LAMBDA(_xlpm.x, MAX(0, MIN(1, _xlpm.x)))))} -> 0.33432835 | AF11: 0.36064882 | AG11: 0.29327062 | AH11: 0.52525198 | AI11: 0.49852125 | AL11: {=_xlfn.IFS(AL10="None", $C11:$G15*0, AL10="Horizontal Flip", INDEX($C11:$G15, _xlfn.SEQUENCE(5), 6 - _xlfn.SEQUENCE(1,5)), AL10="Vertical Flip", INDEX($C11:$G15, 6 - _xlfn.SEQUENCE(5), _xlfn.SEQUENCE(1,5)), AL10="180 Rotation", INDEX($C11:$G15, 6 - _xlfn.SEQUENCE(5), 6 - _xlfn.SEQUENCE(1,5)), AL10="90 CW", INDEX($C11:$G15, 6 - _xlfn.SEQUENCE(1,5), _xlfn.SEQUENCE(5)), AL10="90 CCW", INDEX($C11:$G15, _xlfn.SEQUENCE(1,5), 6 - _xlfn.SEQUENCE(5)), AL10="Shift Up", IF(_xlfn.SEQUENCE(5)+1<=5, INDEX($C11:$G15, _xlfn.SEQUENCE(5)+1, _xlfn.SEQUENCE(1,5)), 0), AL10="Shift Down", IF(_xlfn.SEQUENCE(5)-1>=1, INDEX($C11:$G15, _xlfn.SEQUENCE(5)-1, _xlfn.SEQUENCE(1,5)), 0), AL10="Shift Left", IF(_xlfn.SEQUENCE(1,5)+1<=5, INDEX($C11:$G15, _xlfn.SEQUENCE(5), _xlfn.SEQUENCE(1,5)+1),0), AL10= "Shift Right", IF(_xlfn.SEQUENCE(1,5)-1>=1, INDEX($C11:$G15, _xlfn.SEQUENCE(5), _xlfn.SEQUENCE(1,5)-1), 0), AL10="Noise", _xlfn.MAP($C11:$G15 + (_xlfn.RANDARRAY(ROWS($C11:$G15), COLUMNS($C11:$G15)) - 0.5) * 0.4, _xlfn.LAMBDA(_xlpm.x, MAX(0, MIN(1, _xlpm.x)))))} -> 0.32578389 | AM11: 1 | AN11: 0.23722851 | AO11: 0.57956458 | AP11: 0 | AS11: {=_xlfn.IFS(AS10="None", $C11:$G15*0, AS10="Horizontal Flip", INDEX($C11:$G15, _xlfn.SEQUENCE(5), 6 - _xlfn.SEQUENCE(1,5)), AS10="Vertical Flip", INDEX($C11:$G15, 6 - _xlfn.SEQUENCE(5), _xlfn.SEQUENCE(1,5)), AS10="180 Rotation", INDEX($C11:$G15, 6 - _xlfn.SEQUENCE(5), 6 - _xlfn.SEQUENCE(1,5)), AS10="90 CW", INDEX($C11:$G15, 6 - _xlfn.SEQUENCE(1,5), _xlfn.SEQUENCE(5)), AS10="90 CCW", INDEX($C11:$G15, _xlfn.SEQUENCE(1,5), 6 - _xlfn.SEQUENCE(5)), AS10="Shift Up", IF(_xlfn.SEQUENCE(5)+1<=5, INDEX($C11:$G15, _xlfn.SEQUENCE(5)+1, _xlfn.SEQUENCE(1,5)), 0), AS10="Shift Down", IF(_xlfn.SEQUENCE(5)-1>=1, INDEX($C11:$G15, _xlfn.SEQUENCE(5)-1, _xlfn.SEQUENCE(1,5)), 0), AS10="Shift Left", IF(_xlfn.SEQUENCE(1,5)+1<=5, INDEX($C11:$G15, _xlfn.SEQUENCE(5), _xlfn.SEQUENCE(1,5)+1),0), AS10= "Shift Right", IF(_xlfn.SEQUENCE(1,5)-1>=1, INDEX($C11:$G15, _xlfn.SEQUENCE(5), _xlfn.SEQUENCE(1,5)-1), 0), AS10="Noise", _xlfn.MAP($C11:$G15 + (_xlfn.RANDARRAY(ROWS($C11:$G15), COLUMNS($C11:$G15)) - 0.5) * 0.4, _xlfn.LAMBDA(_xlpm.x, MAX(0, MIN(1, _xlpm.x)))))} -> 0.46961154 | AT11: 0.32835553 | AU11: 1 | AV11: 0.28713932 | AW11: 0.72428128 | AZ11: {=_xlfn.IFS(AZ10="None", $C11:$G15*0, AZ10="Horizontal Flip", INDEX($C11:$G15, _xlfn.SEQUENCE(5), 6 - _xlfn.SEQUENCE(1,5)), AZ10="Vertical Flip", INDEX($C11:$G15, 6 - _xlfn.SEQUENCE(5), _xlfn.SEQUENCE(1,5)), AZ10="180 Rotation", INDEX($C11:$G15, 6 - _xlfn.SEQUENCE(5), 6 - _xlfn.SEQUENCE(1,5)), AZ10="90 CW", INDEX($C11:$G15, 6 - _xlfn.SEQUENCE(1,5), _xlfn.SEQUENCE(5)), AZ10="90 CCW", INDEX($C11:$G15, _xlfn.SEQUENCE(1,5), 6 - _xlfn.SEQUENCE(5)), AZ10="Shift Up", IF(_xlfn.SEQUENCE(5)+1<=5, INDEX($C11:$G15, _xlfn.SEQUENCE(5)+1, _xlfn.SEQUENCE(1,5)), 0), AZ10="Shift Down", IF(_xlfn.SEQUENCE(5)-1>=1, INDEX($C11:$G15, _xlfn.SEQUENCE(5)-1, _xlfn.SEQUENCE(1,5)), 0), AZ10="Shift Left", IF(_xlfn.SEQUENCE(1,5)+1<=5, INDEX($C11:$G15, _xlfn.SEQUENCE(5), _xlfn.SEQUENCE(1,5)+1),0), AZ10= "Shift Right", IF(_xlfn.SEQUENCE(1,5)-1>=1, INDEX($C11:$G15, _xlfn.SEQUENCE(5), _xlfn.SEQUENCE(1,5)-1), 0), AZ10="Noise", _xlfn.MAP($C11:$G15 + (_xlfn.RANDARRAY(ROWS($C11:$G15), COLUMNS($C11:$G15)) - 0.5) * 0.4, _xlfn.LAMBDA(_xlpm.x, MAX(0, MIN(1, _xlpm.x)))))} -> 0.18222316 | BA11: 1 | BB11: 1 | BC11: 1 | BD11: 0.33432835 | BG11: {=_xlfn.IFS(BG10="None", $C11:$G15*0, BG10="Horizontal Flip", INDEX($C11:$G15, _xlfn.SEQUENCE(5), 6 - _xlfn.SEQUENCE(1,5)), BG10="Vertical Flip", INDEX($C11:$G15, 6 - _xlfn.SEQUENCE(5), _xlfn.SEQUENCE(1,5)), BG10="180 Rotation", INDEX($C11:$G15, 6 - _xlfn.SEQUENCE(5), 6 - _xlfn.SEQUENCE(1,5)), BG10="90 CW", INDEX($C11:$G15, 6 - _xlfn.SEQUENCE(1,5), _xlfn.SEQUENCE(5)), BG10="90 CCW", INDEX($C11:$G15, _xlfn.SEQUENCE(1,5), 6 - _xlfn.SEQUENCE(5)), BG10="Shift Up", IF(_xlfn.SEQUENCE(5)+1<=5, INDEX($C11:$G15, _xlfn.SEQUENCE(5)+1, _xlfn.SEQUENCE(1,5)), 0), BG10="Shift Down", IF(_xlfn.SEQUENCE(5)-1>=1, INDEX($C11:$G15, _xlfn.SEQUENCE(5)-1, _xlfn.SEQUENCE(1,5)), 0), BG10="Shift Left", IF(_xlfn.SEQUENCE(1,5)+1<=5, INDEX($C11:$G15, _xlfn.SEQUENCE(5), _xlfn.SEQUENCE(1,5)+1),0), BG10= "Shift Right", IF(_xlfn.SEQUENCE(1,5)-1>=1, INDEX($C11:$G15, _xlfn.SEQUENCE(5), _xlfn.SEQUENCE(1,5)-1), 0), BG10="Noise", _xlfn.MAP($C11:$G15 + (_xlfn.RANDARRAY(ROWS($C11:$G15), COLUMNS($C11:$G15)) - 0.5) * 0.4, _xlfn.LAMBDA(_xlpm.x, MAX(0, MIN(1, _xlpm.x)))))} -> 0 | BH11: 0 | BI11: 0 | BJ11: 0 | BK11: 0 | BN11: {=_xlfn.IFS(BN10="None", $C11:$G15*0, BN10="Horizontal Flip", INDEX($C11:$G15, _xlfn.SEQUENCE(5), 6 - _xlfn.SEQUENCE(1,5)), BN10="Vertical Flip", INDEX($C11:$G15, 6 - _xlfn.SEQUENCE(5), _xlfn.SEQUENCE(1,5)), BN10="180 Rotation", INDEX($C11:$G15, 6 - _xlfn.SEQUENCE(5), 6 - _xlfn.SEQUENCE(1,5)), BN10="90 CW", INDEX($C11:$G15, 6 - _xlfn.SEQUENCE(1,5), _xlfn.SEQUENCE(5)), BN10="90 CCW", INDEX($C11:$G15, _xlfn.SEQUENCE(1,5), 6 - _xlfn.SEQUENCE(5)), BN10="Shift Up", IF(_xlfn.SEQUENCE(5)+1<=5, INDEX($C11:$G15, _xlfn.SEQUENCE(5)+1, _xlfn.SEQUENCE(1,5)), 0), BN10="Shift Down", IF(_xlfn.SEQUENCE(5)-1>=1, INDEX($C11:$G15, _xlfn.SEQUENCE(5)-1, _xlfn.SEQUENCE(1,5)), 0), BN10="Shift Left", IF(_xlfn.SEQUENCE(1,5)+1<=5, INDEX($C11:$G15, _xlfn.SEQUENCE(5), _xlfn.SEQUENCE(1,5)+1),0), BN10= "Shift Right", IF(_xlfn.SEQUENCE(1,5)-1>=1, INDEX($C11:$G15, _xlfn.SEQUENCE(5), _xlfn.SEQUENCE(1,5)-1), 0), BN10="Noise", _xlfn.MAP($C11:$G15 + (_xlfn.RANDARRAY(ROWS($C11:$G15), COLUMNS($C11:$G15)) - 0.5) * 0.4, _xlfn.LAMBDA(_xlpm.x, MAX(0, MIN(1, _xlpm.x)))))} -> 0.57956458 | BO11: 0.62339485 | BP11: 0.44243688 | BQ11: 0.41742635 | BR11: 0.18222316 | BU11: {=_xlfn.IFS(BU10="None", $C11:$G15*0, BU10="Horizontal Flip", INDEX($C11:$G15, _xlfn.SEQUENCE(5), 6 - _xlfn.SEQUENCE(1,5)), BU10="Vertical Flip", INDEX($C11:$G15, 6 - _xlfn.SEQUENCE(5), _xlfn.SEQUENCE(1,5)), BU10="180 Rotation", INDEX($C11:$G15, 6 - _xlfn.SEQUENCE(5), 6 - _xlfn.SEQUENCE(1,5)), BU10="90 CW", INDEX($C11:$G15, 6 - _xlfn.SEQUENCE(1,5), _xlfn.SEQUENCE(5)), BU10="90 CCW", INDEX($C11:$G15, _xlfn.SEQUENCE(1,5), 6 - _xlfn.SEQUENCE(5)), BU10="Shift Up", IF(_xlfn.SEQUENCE(5)+1<=5, INDEX($C11:$G15, _xlfn.SEQUENCE(5)+1, _xlfn.SEQUENCE(1,5)), 0), BU10="Shift Down", IF(_xlfn.SEQUENCE(5)-1>=1, INDEX($C11:$G15, _xlfn.SEQUENCE(5)-1, _xlfn.SEQUENCE(1,5)), 0), BU10="Shift Left", IF(_xlfn.SEQUENCE(1,5)+1<=5, INDEX($C11:$G15, _xlfn.SEQUENCE(5), _xlfn.SEQUENCE(1,5)+1),0), BU10= "Shift Right", IF(_xlfn.SEQUENCE(1,5)-1>=1, INDEX($C11:$G15, _xlfn.SEQUENCE(5), _xlfn.SEQUENCE(1,5)-1), 0), BU10="Noise", _xlfn.MAP($C11:$G15 + (_xlfn.RANDARRAY(ROWS($C11:$G15), COLUMNS($C11:$G15)) - 0.5) * 0.4, _xlfn.LAMBDA(_xlpm.x, MAX(0, MIN(1, _xlpm.x)))))} -> 0.52525198 | BV11: 1 | BW11: 1 | BX11: 0.27029772 | BY11: 0.62339485
C12: 0.52525198 | D12: 1 | E12: 1 | F12: 0.27029772 | G12: 0.62339485 | J12: 0.36064882 | K12: 0.27631196 | L12: 1 | M12: 0.42164084 | N12: 0.41742635 | Q12: 0.62339485 | R12: 0.27029772 | S12: 1 | T12: 1 | U12: 0.52525198 | X12: 0.23722851 | Y12: 0.27029772 | Z12: 0.3775074 | AA12: 0.42164084 | AB12: 1 | AE12: 1 | AF12: 0.27631196 | AG12: 0.33592483 | AH12: 1 | AI12: 0.32578389 | AL12: 1 | AM12: 1 | AN12: 0.27029772 | AO12: 0.62339485 | AP12: 0 | AS12: 0.48323987 | AT12: 0.91578656 | AU12: 1 | AV12: 0.29790414 | AW12: 0.47105481 | AZ12: 0.41742635 | BA12: 0.42164084 | BB12: 1 | BC12: 0.27631196 | BD12: 0.36064882 | BG12: 0.49852125 | BH12: 0.32578389 | BI12: 1 | BJ12: 0.23722851 | BK12: 0.57956458 | BN12: 0.23722851 | BO12: 0.27029772 | BP12: 0.3775074 | BQ12: 0.42164084 | BR12: 1 | BU12: 0.29327062 | BV12: 0.33592483 | BW12: 1 | BX12: 0.3775074 | BY12: 0.44243688
C13: 0.29327062 | D13: 0.33592483 | E13: 1 | F13: 0.3775074 | G13: 0.44243688 | J13: 0.29327062 | K13: 0.33592483 | L13: 1 | M13: 0.3775074 | N13: 0.44243688 | Q13: 0.44243688 | R13: 0.3775074 | S13: 1 | T13: 0.33592483 | U13: 0.29327062 | X13: 1 | Y13: 1 | Z13: 1 | AA13: 1 | AB13: 1 | AE13: 1 | AF13: 1 | AG13: 1 | AH13: 1 | AI13: 1 | AL13: 0.33592483 | AM13: 1 | AN13: 0.3775074 | AO13: 0.44243688 | AP13: 0 | AS13: 0.46227253 | AT13: 0.29634382 | AU13: 1 | AV13: 0.3661117 | AW13: 0.39282578 | AZ13: 0.44243688 | BA13: 0.3775074 | BB13: 1 | BC13: 0.33592483 | BD13: 0.29327062 | BG13: 0.52525198 | BH13: 1 | BI13: 1 | BJ13: 0.27029772 | BK13: 0.62339485 | BN13: 1 | BO13: 1 | BP13: 1 | BQ13: 1 | BR13: 1 | BU13: 0.36064882 | BV13: 0.27631196 | BW13: 1 | BX13: 0.42164084 | BY13: 0.41742635
C14: 0.36064882 | D14: 0.27631196 | E14: 1 | F14: 0.42164084 | G14: 0.41742635 | J14: 0.52525198 | K14: 1 | L14: 1 | M14: 0.27029772 | N14: 0.62339485 | Q14: 0.41742635 | R14: 0.42164084 | S14: 1 | T14: 0.27631196 | U14: 0.36064882 | X14: 0.32578389 | Y14: 1 | Z14: 0.33592483 | AA14: 0.27631196 | AB14: 1 | AE14: 1 | AF14: 0.42164084 | AG14: 0.3775074 | AH14: 0.27029772 | AI14: 0.23722851 | AL14: 0.27631196 | AM14: 1 | AN14: 0.42164084 | AO14: 0.41742635 | AP14: 0 | AS14: 0.46475303 | AT14: 0.3737434 | AU14: 0.82825986 | AV14: 0.5877506 | AW14: 0.22627435 | AZ14: 0.62339485 | BA14: 0.27029772 | BB14: 1 | BC14: 1 | BD14: 0.52525198 | BG14: 0.29327062 | BH14: 0.33592483 | BI14: 1 | BJ14: 0.3775074 | BK14: 0.44243688 | BN14: 0.32578389 | BO14: 1 | BP14: 0.33592483 | BQ14: 0.27631196 | BR14: 1 | BU14: 0.33432835 | BV14: 1 | BW14: 1 | BX14: 1 | BY14: 0.18222316
C15: 0.33432835 | D15: 1 | E15: 1 | F15: 1 | G15: 0.18222316 | J15: 0.49852125 | K15: 0.32578389 | L15: 1 | M15: 0.23722851 | N15: 0.57956458 | Q15: 0.18222316 | R15: 1 | S15: 1 | T15: 1 | U15: 0.33432835 | X15: 0.49852125 | Y15: 0.52525198 | Z15: 0.29327062 | AA15: 0.36064882 | AB15: 0.33432835 | AE15: 0.18222316 | AF15: 0.41742635 | AG15: 0.44243688 | AH15: 0.62339485 | AI15: 0.57956458 | AL15: 1 | AM15: 1 | AN15: 1 | AO15: 0.18222316 | AP15: 0 | AS15: 0.36087695 | AT15: 0.86878905 | AU15: 0.99585635 | AV15: 0.87007115 | AW15: 0.35052803 | AZ15: 0.57956458 | BA15: 0.23722851 | BB15: 1 | BC15: 0.32578389 | BD15: 0.49852125 | BG15: 0.36064882 | BH15: 0.27631196 | BI15: 1 | BJ15: 0.42164084 | BK15: 0.41742635 | BN15: 0.49852125 | BO15: 0.52525198 | BP15: 0.29327062 | BQ15: 0.36064882 | BR15: 0.33432835 | BU15: 0 | BV15: 0 | BW15: 0 | BX15: 0 | BY15: 0
B17: 2 | C17: Original | J17: {=INDEX(Helper!$E$13:$E$22, OFFSET(Helper!$J$13,$B17,J$2))} -> Shift Left | Q17: {=INDEX(Helper!$E$13:$E$22, OFFSET(Helper!$J$13,$B17,Q$2))} -> Noise | X17: {=INDEX(Helper!$E$13:$E$22, OFFSET(Helper!$J$13,$B17,X$2))} -> Shift Up | AE17: {=INDEX(Helper!$E$13:$E$22, OFFSET(Helper!$J$13,$B17,AE$2))} -> Shift Right | AL17: {=INDEX(Helper!$E$13:$E$22, OFFSET(Helper!$J$13,$B17,AL$2))} -> Shift Down | AS17: {=INDEX(Helper!$E$13:$E$22, OFFSET(Helper!$J$13,$B17,AS$2))} -> 180 Rotation | AZ17: {=INDEX(Helper!$E$13:$E$22, OFFSET(Helper!$J$13,$B17,AZ$2))} -> 90 CCW | BG17: {=INDEX(Helper!$E$13:$E$22, OFFSET(Helper!$J$13,$B17,BG$2))} -> Vertical Flip | BN17: {=INDEX(Helper!$E$13:$E$22, OFFSET(Helper!$J$13,$B17,BN$2))} -> Horizontal Flip | BU17: {=INDEX(Helper!$E$13:$E$22, OFFSET(Helper!$J$13,$B17,BU$2))} -> 90 CW
C18: 0.28348784 | D18: 1 | E18: 1 | F18: 1 | G18: 0.23264272 | J18: {=_xlfn.IFS(J17="None", $C18:$G22*0, J17="Horizontal Flip", INDEX($C18:$G22, _xlfn.SEQUENCE(5), 6 - _xlfn.SEQUENCE(1,5)), J17="Vertical Flip", INDEX($C18:$G22, 6 - _xlfn.SEQUENCE(5), _xlfn.SEQUENCE(1,5)), J17="180 Rotation", INDEX($C18:$G22, 6 - _xlfn.SEQUENCE(5), 6 - _xlfn.SEQUENCE(1,5)), J17="90 CW", INDEX($C18:$G22, 6 - _xlfn.SEQUENCE(1,5), _xlfn.SEQUENCE(5)), J17="90 CCW", INDEX($C18:$G22, _xlfn.SEQUENCE(1,5), 6 - _xlfn.SEQUENCE(5)), J17="Shift Up", IF(_xlfn.SEQUENCE(5)+1<=5, INDEX($C18:$G22, _xlfn.SEQUENCE(5)+1, _xlfn.SEQUENCE(1,5)), 0), J17="Shift Down", IF(_xlfn.SEQUENCE(5)-1>=1, INDEX($C18:$G22, _xlfn.SEQUENCE(5)-1, _xlfn.SEQUENCE(1,5)), 0), J17="Shift Left", IF(_xlfn.SEQUENCE(1,5)+1<=5, INDEX($C18:$G22, _xlfn.SEQUENCE(5), _xlfn.SEQUENCE(1,5)+1),0), J17= "Shift Right", IF(_xlfn.SEQUENCE(1,5)-1>=1, INDEX($C18:$G22, _xlfn.SEQUENCE(5), _xlfn.SEQUENCE(1,5)-1), 0), J17="Noise", _xlfn.MAP($C18:$G22 + (_xlfn.RANDARRAY(ROWS($C18:$G22), COLUMNS($C18:$G22)) - 0.5) * 0.4, _xlfn.LAMBDA(_xlpm.x, MAX(0, MIN(1, _xlpm.x)))))} -> 1 | K18: 1 | L18: 1 | M18: 0.23264272 | N18: 0 | Q18: {=_xlfn.IFS(Q17="None", $C18:$G22*0, Q17="Horizontal Flip", INDEX($C18:$G22, _xlfn.SEQUENCE(5), 6 - _xlfn.SEQUENCE(1,5)), Q17="Vertical Flip", INDEX($C18:$G22, 6 - _xlfn.SEQUENCE(5), _xlfn.SEQUENCE(1,5)), Q17="180 Rotation", INDEX($C18:$G22, 6 - _xlfn.SEQUENCE(5), 6 - _xlfn.SEQUENCE(1,5)), Q17="90 CW", INDEX($C18:$G22, 6 - _xlfn.SEQUENCE(1,5), _xlfn.SEQUENCE(5)), Q17="90 CCW", INDEX($C18:$G22, _xlfn.SEQUENCE(1,5), 6 - _xlfn.SEQUENCE(5)), Q17="Shift Up", IF(_xlfn.SEQUENCE(5)+1<=5, INDEX($C18:$G22, _xlfn.SEQUENCE(5)+1, _xlfn.SEQUENCE(1,5)), 0), Q17="Shift Down", IF(_xlfn.SEQUENCE(5)-1>=1, INDEX($C18:$G22, _xlfn.SEQUENCE(5)-1, _xlfn.SEQUENCE(1,5)), 0), Q17="Shift Left", IF(_xlfn.SEQUENCE(1,5)+1<=5, INDEX($C18:$G22, _xlfn.SEQUENCE(5), _xlfn.SEQUENCE(1,5)+1),0), Q17= "Shift Right", IF(_xlfn.SEQUENCE(1,5)-1>=1, INDEX($C18:$G22, _xlfn.SEQUENCE(5), _xlfn.SEQUENCE(1,5)-1), 0), Q17="Noise", _xlfn.MAP($C18:$G22 + (_xlfn.RANDARRAY(ROWS($C18:$G22), COLUMNS($C18:$G22)) - 0.5) * 0.4, _xlfn.LAMBDA(_xlpm.x, MAX(0, MIN(1, _xlpm.x)))))} -> 0.40136832 | R18: 1 | S18: 1 | T18: 0.82645624 | U18: 0.18418391 | X18: {=_xlfn.IFS(X17="None", $C18:$G22*0, X17="Horizontal Flip", INDEX($C18:$G22, _xlfn.SEQUENCE(5), 6 - _xlfn.SEQUENCE(1,5)), X17="Vertical Flip", INDEX($C18:$G22, 6 - _xlfn.SEQUENCE(5), _xlfn.SEQUENCE(1,5)), X17="180 Rotation", INDEX($C18:$G22, 6 - _xlfn.SEQUENCE(5), 6 - _xlfn.SEQUENCE(1,5)), X17="90 CW", INDEX($C18:$G22, 6 - _xlfn.SEQUENCE(1,5), _xlfn.SEQUENCE(5)), X17="90 CCW", INDEX($C18:$G22, _xlfn.SEQUENCE(1,5), 6 - _xlfn.SEQUENCE(5)), X17="Shift Up", IF(_xlfn.SEQUENCE(5)+1<=5, INDEX($C18:$G22, _xlfn.SEQUENCE(5)+1, _xlfn.SEQUENCE(1,5)), 0), X17="Shift Down", IF(_xlfn.SEQUENCE(5)-1>=1, INDEX($C18:$G22, _xlfn.SEQUENCE(5)-1, _xlfn.SEQUENCE(1,5)), 0), X17="Shift Left", IF(_xlfn.SEQUENCE(1,5)+1<=5, INDEX($C18:$G22, _xlfn.SEQUENCE(5), _xlfn.SEQUENCE(1,5)+1),0), X17= "Shift Right", IF(_xlfn.SEQUENCE(1,5)-1>=1, INDEX($C18:$G22, _xlfn.SEQUENCE(5), _xlfn.SEQUENCE(1,5)-1), 0), X17="Noise", _xlfn.MAP($C18:$G22 + (_xlfn.RANDARRAY(ROWS($C18:$G22), COLUMNS($C18:$G22)) - 0.5) * 0.4, _xlfn.LAMBDA(_xlpm.x, MAX(0, MIN(1, _xlpm.x)))))} -> 0.46624032 | Y18: 0.62000165 | Z18: 0.34934612 | AA18: 1 | AB18: 0.55681088 | AE18: {=_xlfn.IFS(AE17="None", $C18:$G22*0, AE17="Horizontal Flip", INDEX($C18:$G22, _xlfn.SEQUENCE(5), 6 - _xlfn.SEQUENCE(1,5)), AE17="Vertical Flip", INDEX($C18:$G22, 6 - _xlfn.SEQUENCE(5), _xlfn.SEQUENCE(1,5)), AE17="180 Rotation", INDEX($C18:$G22, 6 - _xlfn.SEQUENCE(5), 6 - _xlfn.SEQUENCE(1,5)), AE17="90 CW", INDEX($C18:$G22, 6 - _xlfn.SEQUENCE(1,5), _xlfn.SEQUENCE(5)), AE17="90 CCW", INDEX($C18:$G22, _xlfn.SEQUENCE(1,5), 6 - _xlfn.SEQUENCE(5)), AE17="Shift Up", IF(_xlfn.SEQUENCE(5)+1<=5, INDEX($C18:$G22, _xlfn.SEQUENCE(5)+1, _xlfn.SEQUENCE(1,5)), 0), AE17="Shift Down", IF(_xlfn.SEQUENCE(5)-1>=1, INDEX($C18:$G22, _xlfn.SEQUENCE(5)-1, _xlfn.SEQUENCE(1,5)), 0), AE17="Shift Left", IF(_xlfn.SEQUENCE(1,5)+1<=5, INDEX($C18:$G22, _xlfn.SEQUENCE(5), _xlfn.SEQUENCE(1,5)+1),0), AE17= "Shift Right", IF(_xlfn.SEQUENCE(1,5)-1>=1, INDEX($C18:$G22, _xlfn.SEQUENCE(5), _xlfn.SEQUENCE(1,5)-1), 0), AE17="Noise", _xlfn.MAP($C18:$G22 + (_xlfn.RANDARRAY(ROWS($C18:$G22), COLUMNS($C18:$G22)) - 0.5) * 0.4, _xlfn.LAMBDA(_xlpm.x, MAX(0, MIN(1, _xlpm.x)))))} -> 0 | AF18: 0.28348784 | AG18: 1 | AH18: 1 | AI18: 1 | AL18: {=_xlfn.IFS(AL17="None", $C18:$G22*0, AL17="Horizontal Flip", INDEX($C18:$G22, _xlfn.SEQUENCE(5), 6 - _xlfn.SEQUENCE(1,5)), AL17="Vertical Flip", INDEX($C18:$G22, 6 - _xlfn.SEQUENCE(5), _xlfn.SEQUENCE(1,5)), AL17="180 Rotation", INDEX($C18:$G22, 6 - _xlfn.SEQUENCE(5), 6 - _xlfn.SEQUENCE(1,5)), AL17="90 CW", INDEX($C18:$G22, 6 - _xlfn.SEQUENCE(1,5), _xlfn.SEQUENCE(5)), AL17="90 CCW", INDEX($C18:$G22, _xlfn.SEQUENCE(1,5), 6 - _xlfn.SEQUENCE(5)), AL17="Shift Up", IF(_xlfn.SEQUENCE(5)+1<=5, INDEX($C18:$G22, _xlfn.SEQUENCE(5)+1, _xlfn.SEQUENCE(1,5)), 0), AL17="Shift Down", IF(_xlfn.SEQUENCE(5)-1>=1, INDEX($C18:$G22, _xlfn.SEQUENCE(5)-1, _xlfn.SEQUENCE(1,5)), 0), AL17="Shift Left", IF(_xlfn.SEQUENCE(1,5)+1<=5, INDEX($C18:$G22, _xlfn.SEQUENCE(5), _xlfn.SEQUENCE(1,5)+1),0), AL17= "Shift Right", IF(_xlfn.SEQUENCE(1,5)-1>=1, INDEX($C18:$G22, _xlfn.SEQUENCE(5), _xlfn.SEQUENCE(1,5)-1), 0), AL17="Noise", _xlfn.MAP($C18:$G22 + (_xlfn.RANDARRAY(ROWS($C18:$G22), COLUMNS($C18:$G22)) - 0.5) * 0.4, _xlfn.LAMBDA(_xlpm.x, MAX(0, MIN(1, _xlpm.x)))))} -> 0 | AM18: 0 | AN18: 0 | AO18: 0 | AP18: 0 | AS18: {=_xlfn.IFS(AS17="None", $C18:$G22*0, AS17="Horizontal Flip", INDEX($C18:$G22, _xlfn.SEQUENCE(5), 6 - _xlfn.SEQUENCE(1,5)), AS17="Vertical Flip", INDEX($C18:$G22, 6 - _xlfn.SEQUENCE(5), _xlfn.SEQUENCE(1,5)), AS17="180 Rotation", INDEX($C18:$G22, 6 - _xlfn.SEQUENCE(5), 6 - _xlfn.SEQUENCE(1,5)), AS17="90 CW", INDEX($C18:$G22, 6 - _xlfn.SEQUENCE(1,5), _xlfn.SEQUENCE(5)), AS17="90 CCW", INDEX($C18:$G22, _xlfn.SEQUENCE(1,5), 6 - _xlfn.SEQUENCE(5)), AS17="Shift Up", IF(_xlfn.SEQUENCE(5)+1<=5, INDEX($C18:$G22, _xlfn.SEQUENCE(5)+1, _xlfn.SEQUENCE(1,5)), 0), AS17="Shift Down", IF(_xlfn.SEQUENCE(5)-1>=1, INDEX($C18:$G22, _xlfn.SEQUENCE(5)-1, _xlfn.SEQUENCE(1,5)), 0), AS17="Shift Left", IF(_xlfn.SEQUENCE(1,5)+1<=5, INDEX($C18:$G22, _xlfn.SEQUENCE(5), _xlfn.SEQUENCE(1,5)+1),0), AS17= "Shift Right", IF(_xlfn.SEQUENCE(1,5)-1>=1, INDEX($C18:$G22, _xlfn.SEQUENCE(5), _xlfn.SEQUENCE(1,5)-1), 0), AS17="Noise", _xlfn.MAP($C18:$G22 + (_xlfn.RANDARRAY(ROWS($C18:$G22), COLUMNS($C18:$G22)) - 0.5) * 0.4, _xlfn.LAMBDA(_xlpm.x, MAX(0, MIN(1, _xlpm.x)))))} -> 0.29482848 | AT18: 1 | AU18: 1 | AV18: 1 | AW18: 0.61985861 | AZ18: {=_xlfn.IFS(AZ17="None", $C18:$G22*0, AZ17="Horizontal Flip", INDEX($C18:$G22, _xlfn.SEQUENCE(5), 6 - _xlfn.SEQUENCE(1,5)), AZ17="Vertical Flip", INDEX($C18:$G22, 6 - _xlfn.SEQUENCE(5), _xlfn.SEQUENCE(1,5)), AZ17="180 Rotation", INDEX($C18:$G22, 6 - _xlfn.SEQUENCE(5), 6 - _xlfn.SEQUENCE(1,5)), AZ17="90 CW", INDEX($C18:$G22, 6 - _xlfn.SEQUENCE(1,5), _xlfn.SEQUENCE(5)), AZ17="90 CCW", INDEX($C18:$G22, _xlfn.SEQUENCE(1,5), 6 - _xlfn.SEQUENCE(5)), AZ17="Shift Up", IF(_xlfn.SEQUENCE(5)+1<=5, INDEX($C18:$G22, _xlfn.SEQUENCE(5)+1, _xlfn.SEQUENCE(1,5)), 0), AZ17="Shift Down", IF(_xlfn.SEQUENCE(5)-1>=1, INDEX($C18:$G22, _xlfn.SEQUENCE(5)-1, _xlfn.SEQUENCE(1,5)), 0), AZ17="Shift Left", IF(_xlfn.SEQUENCE(1,5)+1<=5, INDEX($C18:$G22, _xlfn.SEQUENCE(5), _xlfn.SEQUENCE(1,5)+1),0), AZ17= "Shift Right", IF(_xlfn.SEQUENCE(1,5)-1>=1, INDEX($C18:$G22, _xlfn.SEQUENCE(5), _xlfn.SEQUENCE(1,5)-1), 0), AZ17="Noise", _xlfn.MAP($C18:$G22 + (_xlfn.RANDARRAY(ROWS($C18:$G22), COLUMNS($C18:$G22)) - 0.5) * 0.4, _xlfn.LAMBDA(_xlpm.x, MAX(0, MIN(1, _xlpm.x)))))} -> 0.23264272 | BA18: 0.55681088 | BB18: 0.31557817 | BC18: 0.23950235 | BD18: 0.29482848 | BG18: {=_xlfn.IFS(BG17="None", $C18:$G22*0, BG17="Horizontal Flip", INDEX($C18:$G22, _xlfn.SEQUENCE(5), 6 - _xlfn.SEQUENCE(1,5)), BG17="Vertical Flip", INDEX($C18:$G22, 6 - _xlfn.SEQUENCE(5), _xlfn.SEQUENCE(1,5)), BG17="180 Rotation", INDEX($C18:$G22, 6 - _xlfn.SEQUENCE(5), 6 - _xlfn.SEQUENCE(1,5)), BG17="90 CW", INDEX($C18:$G22, 6 - _xlfn.SEQUENCE(1,5), _xlfn.SEQUENCE(5)), BG17="90 CCW", INDEX($C18:$G22, _xlfn.SEQUENCE(1,5), 6 - _xlfn.SEQUENCE(5)), BG17="Shift Up", IF(_xlfn.SEQUENCE(5)+1<=5, INDEX($C18:$G22, _xlfn.SEQUENCE(5)+1, _xlfn.SEQUENCE(1,5)), 0), BG17="Shift Down", IF(_xlfn.SEQUENCE(5)-1>=1, INDEX($C18:$G22, _xlfn.SEQUENCE(5)-1, _xlfn.SEQUENCE(1,5)), 0), BG17="Shift Left", IF(_xlfn.SEQUENCE(1,5)+1<=5, INDEX($C18:$G22, _xlfn.SEQUENCE(5), _xlfn.SEQUENCE(1,5)+1),0), BG17= "Shift Right", IF(_xlfn.SEQUENCE(1,5)-1>=1, INDEX($C18:$G22, _xlfn.SEQUENCE(5), _xlfn.SEQUENCE(1,5)-1), 0), BG17="Noise", _xlfn.MAP($C18:$G22 + (_xlfn.RANDARRAY(ROWS($C18:$G22), COLUMNS($C18:$G22)) - 0.5) * 0.4, _xlfn.LAMBDA(_xlpm.x, MAX(0, MIN(1, _xlpm.x)))))} -> 0.61985861 | BH18: 1 | BI18: 1 | BJ18: 1 | BK18: 0.29482848 | BN18: {=_xlfn.IFS(BN17="None", $C18:$G22*0, BN17="Horizontal Flip", INDEX($C18:$G22, _xlfn.SEQUENCE(5), 6 - _xlfn.SEQUENCE(1,5)), BN17="Vertical Flip", INDEX($C18:$G22, 6 - _xlfn.SEQUENCE(5), _xlfn.SEQUENCE(1,5)), BN17="180 Rotation", INDEX($C18:$G22, 6 - _xlfn.SEQUENCE(5), 6 - _xlfn.SEQUENCE(1,5)), BN17="90 CW", INDEX($C18:$G22, 6 - _xlfn.SEQUENCE(1,5), _xlfn.SEQUENCE(5)), BN17="90 CCW", INDEX($C18:$G22, _xlfn.SEQUENCE(1,5), 6 - _xlfn.SEQUENCE(5)), BN17="Shift Up", IF(_xlfn.SEQUENCE(5)+1<=5, INDEX($C18:$G22, _xlfn.SEQUENCE(5)+1, _xlfn.SEQUENCE(1,5)), 0), BN17="Shift Down", IF(_xlfn.SEQUENCE(5)-1>=1, INDEX($C18:$G22, _xlfn.SEQUENCE(5)-1, _xlfn.SEQUENCE(1,5)), 0), BN17="Shift Left", IF(_xlfn.SEQUENCE(1,5)+1<=5, INDEX($C18:$G22, _xlfn.SEQUENCE(5), _xlfn.SEQUENCE(1,5)+1),0), BN17= "Shift Right", IF(_xlfn.SEQUENCE(1,5)-1>=1, INDEX($C18:$G22, _xlfn.SEQUENCE(5), _xlfn.SEQUENCE(1,5)-1), 0), BN17="Noise", _xlfn.MAP($C18:$G22 + (_xlfn.RANDARRAY(ROWS($C18:$G22), COLUMNS($C18:$G22)) - 0.5) * 0.4, _xlfn.LAMBDA(_xlpm.x, MAX(0, MIN(1, _xlpm.x)))))} -> 0.23264272 | BO18: 1 | BP18: 1 | BQ18: 1 | BR18: 0.28348784 | BU18: {=_xlfn.IFS(BU17="None", $C18:$G22*0, BU17="Horizontal Flip", INDEX($C18:$G22, _xlfn.SEQUENCE(5), 6 - _xlfn.SEQUENCE(1,5)), BU17="Vertical Flip", INDEX($C18:$G22, 6 - _xlfn.SEQUENCE(5), _xlfn.SEQUENCE(1,5)), BU17="180 Rotation", INDEX($C18:$G22, 6 - _xlfn.SEQUENCE(5), 6 - _xlfn.SEQUENCE(1,5)), BU17="90 CW", INDEX($C18:$G22, 6 - _xlfn.SEQUENCE(1,5), _xlfn.SEQUENCE(5)), BU17="90 CCW", INDEX($C18:$G22, _xlfn.SEQUENCE(1,5), 6 - _xlfn.SEQUENCE(5)), BU17="Shift Up", IF(_xlfn.SEQUENCE(5)+1<=5, INDEX($C18:$G22, _xlfn.SEQUENCE(5)+1, _xlfn.SEQUENCE(1,5)), 0), BU17="Shift Down", IF(_xlfn.SEQUENCE(5)-1>=1, INDEX($C18:$G22, _xlfn.SEQUENCE(5)-1, _xlfn.SEQUENCE(1,5)), 0), BU17="Shift Left", IF(_xlfn.SEQUENCE(1,5)+1<=5, INDEX($C18:$G22, _xlfn.SEQUENCE(5), _xlfn.SEQUENCE(1,5)+1),0), BU17= "Shift Right", IF(_xlfn.SEQUENCE(1,5)-1>=1, INDEX($C18:$G22, _xlfn.SEQUENCE(5), _xlfn.SEQUENCE(1,5)-1), 0), BU17="Noise", _xlfn.MAP($C18:$G22 + (_xlfn.RANDARRAY(ROWS($C18:$G22), COLUMNS($C18:$G22)) - 0.5) * 0.4, _xlfn.LAMBDA(_xlpm.x, MAX(0, MIN(1, _xlpm.x)))))} -> 0.61985861 | BV18: 0.19748848 | BW18: 0.1646772 | BX18: 0.46624032 | BY18: 0.28348784
C19: 0.46624032 | D19: 0.62000165 | E19: 0.34934612 | F19: 1 | G19: 0.55681088 | J19: 0.62000165 | K19: 0.34934612 | L19: 1 | M19: 0.55681088 | N19: 0 | Q19: 0.28237007 | R19: 0.66263948 | S19: 0.31914603 | T19: 1 | U19: 0.4162913 | X19: 0.1646772 | Y19: 1 | Z19: 1 | AA19: 1 | AB19: 0.31557817 | AE19: 0 | AF19: 0.46624032 | AG19: 0.62000165 | AH19: 0.34934612 | AI19: 1 | AL19: 0.28348784 | AM19: 1 | AN19: 1 | AO19: 1 | AP19: 0.23264272 | AS19: 0.23950235 | AT19: 0.19801098 | AU19: 0.28987371 | AV19: 1 | AW19: 0.19748848 | AZ19: 1 | BA19: 1 | BB19: 1 | BC19: 0.19801098 | BD19: 1 | BG19: 0.19748848 | BH19: 1 | BI19: 0.28987371 | BJ19: 0.19801098 | BK19: 0.23950235 | BN19: 0.55681088 | BO19: 1 | BP19: 0.34934612 | BQ19: 0.62000165 | BR19: 0.46624032 | BU19: 1 | BV19: 1 | BW19: 1 | BX19: 0.62000165 | BY19: 1
C20: 0.1646772 | D20: 1 | E20: 1 | F20: 1 | G20: 0.31557817 | J20: 1 | K20: 1 | L20: 1 | M20: 0.31557817 | N20: 0 | Q20: 0.23925781 | R20: 1 | S20: 0.92053923 | T20: 1 | U20: 0.43821037 | X20: 0.19748848 | Y20: 1 | Z20: 0.28987371 | AA20: 0.19801098 | AB20: 0.23950235 | AE20: 0 | AF20: 0.1646772 | AG20: 1 | AH20: 1 | AI20: 1 | AL20: 0.46624032 | AM20: 0.62000165 | AN20: 0.34934612 | AO20: 1 | AP20: 0.55681088 | AS20: 0.31557817 | AT20: 1 | AU20: 1 | AV20: 1 | AW20: 0.1646772 | AZ20: 1 | BA20: 0.34934612 | BB20: 1 | BC20: 0.28987371 | BD20: 1 | BG20: 0.1646772 | BH20: 1 | BI20: 1 | BJ20: 1 | BK20: 0.31557817 | BN20: 0.31557817 | BO20: 1 | BP20: 1 | BQ20: 1 | BR20: 0.1646772 | BU20: 1 | BV20: 0.28987371 | BW20: 1 | BX20: 0.34934612 | BY20: 1
C21: 0.19748848 | D21: 1 | E21: 0.28987371 | F21: 0.19801098 | G21: 0.23950235 | J21: 1 | K21: 0.28987371 | L21: 0.19801098 | M21: 0.23950235 | N21: 0 | Q21: 0.017601876 | R21: 1 | S21: 0.35618398 | T21: 0.048254904 | U21: 0.42069744 | X21: 0.61985861 | Y21: 1 | Z21: 1 | AA21: 1 | AB21: 0.29482848 | AE21: 0 | AF21: 0.19748848 | AG21: 1 | AH21: 0.28987371 | AI21: 0.19801098 | AL21: 0.1646772 | AM21: 1 | AN21: 1 | AO21: 1 | AP21: 0.31557817 | AS21: 0.55681088 | AT21: 1 | AU21: 0.34934612 | AV21: 0.62000165 | AW21: 0.46624032 | AZ21: 1 | BA21: 0.62000165 | BB21: 1 | BC21: 1 | BD21: 1 | BG21: 0.46624032 | BH21: 0.62000165 | BI21: 0.34934612 | BJ21: 1 | BK21: 0.55681088 | BN21: 0.23950235 | BO21: 0.19801098 | BP21: 0.28987371 | BQ21: 1 | BR21: 0.19748848 | BU21: 1 | BV21: 0.19801098 | BW21: 1 | BX21: 1 | BY21: 1
C22: 0.61985861 | D22: 1 | E22: 1 | F22: 1 | G22: 0.29482848 | J22: 1 | K22: 1 | L22: 1 | M22: 0.29482848 | N22: 0 | Q22: 0.76391907 | R22: 1 | S22: 0.98453201 | T22: 1 | U22: 0.25767595 | X22: 0 | Y22: 0 | Z22: 0 | AA22: 0 | AB22: 0 | AE22: 0 | AF22: 0.61985861 | AG22: 1 | AH22: 1 | AI22: 1 | AL22: 0.19748848 | AM22: 1 | AN22: 0.28987371 | AO22: 0.19801098 | AP22: 0.23950235 | AS22: 0.23264272 | AT22: 1 | AU22: 1 | AV22: 1 | AW22: 0.28348784 | AZ22: 0.28348784 | BA22: 0.46624032 | BB22: 0.1646772 | BC22: 0.19748848 | BD22: 0.61985861 | BG22: 0.28348784 | BH22: 1 | BI22: 1 | BJ22: 1 | BK22: 0.23264272 | BN22: 0.29482848 | BO22: 1 | BP22: 1 | BQ22: 1 | BR22: 0.61985861 | BU22: 0.29482848 | BV22: 0.23950235 | BW22: 0.31557817 | BX22: 0.55681088 | BY22: 0.23264272
B24: 3 | C24: Original | J24: {=INDEX(Helper!$E$13:$E$22, OFFSET(Helper!$J$13,$B24,J$2))} -> Shift Up | Q24: {=INDEX(Helper!$E$13:$E$22, OFFSET(Helper!$J$13,$B24,Q$2))} -> Vertical Flip | X24: {=INDEX(Helper!$E$13:$E$22, OFFSET(Helper!$J$13,$B24,X$2))} -> 180 Rotation | AE24: {=INDEX(Helper!$E$13:$E$22, OFFSET(Helper!$J$13,$B24,AE$2))} -> Horizontal Flip | AL24: {=INDEX(Helper!$E$13:$E$22, OFFSET(Helper!$J$13,$B24,AL$2))} -> 90 CCW | AS24: {=INDEX(Helper!$E$13:$E$22, OFFSET(Helper!$J$13,$B24,AS$2))} -> Shift Down | AZ24: {=INDEX(Helper!$E$13:$E$22, OFFSET(Helper!$J$13,$B24,AZ$2))} -> Shift Right | BG24: {=INDEX(Helper!$E$13:$E$22, OFFSET(Helper!$J$13,$B24,BG$2))} -> Shift Left | BN24: {=INDEX(Helper!$E$13:$E$22, OFFSET(Helper!$J$13,$B24,BN$2))} -> Noise | BU24: {=INDEX(Helper!$E$13:$E$22, OFFSET(Helper!$J$13,$B24,BU$2))} -> 90 CW
C25: 0.45498379 | D25: 1 | E25: 1 | F25: 1 | G25: 0.2291328 | J25: {=_xlfn.IFS(J24="None", $C25:$G29*0, J24="Horizontal Flip", INDEX($C25:$G29, _xlfn.SEQUENCE(5), 6 - _xlfn.SEQUENCE(1,5)), J24="Vertical Flip", INDEX($C25:$G29, 6 - _xlfn.SEQUENCE(5), _xlfn.SEQUENCE(1,5)), J24="180 Rotation", INDEX($C25:$G29, 6 - _xlfn.SEQUENCE(5), 6 - _xlfn.SEQUENCE(1,5)), J24="90 CW", INDEX($C25:$G29, 6 - _xlfn.SEQUENCE(1,5), _xlfn.SEQUENCE(5)), J24="90 CCW", INDEX($C25:$G29, _xlfn.SEQUENCE(1,5), 6 - _xlfn.SEQUENCE(5)), J24="Shift Up", IF(_xlfn.SEQUENCE(5)+1<=5, INDEX($C25:$G29, _xlfn.SEQUENCE(5)+1, _xlfn.SEQUENCE(1,5)), 0), J24="Shift Down", IF(_xlfn.SEQUENCE(5)-1>=1, INDEX($C25:$G29, _xlfn.SEQUENCE(5)-1, _xlfn.SEQUENCE(1,5)), 0), J24="Shift Left", IF(_xlfn.SEQUENCE(1,5)+1<=5, INDEX($C25:$G29, _xlfn.SEQUENCE(5), _xlfn.SEQUENCE(1,5)+1),0), J24= "Shift Right", IF(_xlfn.SEQUENCE(1,5)-1>=1, INDEX($C25:$G29, _xlfn.SEQUENCE(5), _xlfn.SEQUENCE(1,5)-1), 0), J24="Noise", _xlfn.MAP($C25:$G29 + (_xlfn.RANDARRAY(ROWS($C25:$G29), COLUMNS($C25:$G29)) - 0.5) * 0.4, _xlfn.LAMBDA(_xlpm.x, MAX(0, MIN(1, _xlpm.x)))))} -> 0.5769979 | K25: 0.38322233 | L25: 0.15720976 | M25: 1 | N25: 0.30909224 | Q25: {=_xlfn.IFS(Q24="None", $C25:$G29*0, Q24="Horizontal Flip", INDEX($C25:$G29, _xlfn.SEQUENCE(5), 6 - _xlfn.SEQUENCE(1,5)), Q24="Vertical Flip", INDEX($C25:$G29, 6 - _xlfn.SEQUENCE(5), _xlfn.SEQUENCE(1,5)), Q24="180 Rotation", INDEX($C25:$G29, 6 - _xlfn.SEQUENCE(5), 6 - _xlfn.SEQUENCE(1,5)), Q24="90 CW", INDEX($C25:$G29, 6 - _xlfn.SEQUENCE(1,5), _xlfn.SEQUENCE(5)), Q24="90 CCW", INDEX($C25:$G29, _xlfn.SEQUENCE(1,5), 6 - _xlfn.SEQUENCE(5)), Q24="Shift Up", IF(_xlfn.SEQUENCE(5)+1<=5, INDEX($C25:$G29, _xlfn.SEQUENCE(5)+1, _xlfn.SEQUENCE(1,5)), 0), Q24="Shift Down", IF(_xlfn.SEQUENCE(5)-1>=1, INDEX($C25:$G29, _xlfn.SEQUENCE(5)-1, _xlfn.SEQUENCE(1,5)), 0), Q24="Shift Left", IF(_xlfn.SEQUENCE(1,5)+1<=5, INDEX($C25:$G29, _xlfn.SEQUENCE(5), _xlfn.SEQUENCE(1,5)+1),0), Q24= "Shift Right", IF(_xlfn.SEQUENCE(1,5)-1>=1, INDEX($C25:$G29, _xlfn.SEQUENCE(5), _xlfn.SEQUENCE(1,5)-1), 0), Q24="Noise", _xlfn.MAP($C25:$G29 + (_xlfn.RANDARRAY(ROWS($C25:$G29), COLUMNS($C25:$G29)) - 0.5) * 0.4, _xlfn.LAMBDA(_xlpm.x, MAX(0, MIN(1, _xlpm.x)))))} -> 0.47361589 | R25: 1 | S25: 1 | T25: 1 | U25: 0.31808908 | X25: {=_xlfn.IFS(X24="None", $C25:$G29*0, X24="Horizontal Flip", INDEX($C25:$G29, _xlfn.SEQUENCE(5), 6 - _xlfn.SEQUENCE(1,5)), X24="Vertical Flip", INDEX($C25:$G29, 6 - _xlfn.SEQUENCE(5), _xlfn.SEQUENCE(1,5)), X24="180 Rotation", INDEX($C25:$G29, 6 - _xlfn.SEQUENCE(5), 6 - _xlfn.SEQUENCE(1,5)), X24="90 CW", INDEX($C25:$G29, 6 - _xlfn.SEQUENCE(1,5), _xlfn.SEQUENCE(5)), X24="90 CCW", INDEX($C25:$G29, _xlfn.SEQUENCE(1,5), 6 - _xlfn.SEQUENCE(5)), X24="Shift Up", IF(_xlfn.SEQUENCE(5)+1<=5, INDEX($C25:$G29, _xlfn.SEQUENCE(5)+1, _xlfn.SEQUENCE(1,5)), 0), X24="Shift Down", IF(_xlfn.SEQUENCE(5)-1>=1, INDEX($C25:$G29, _xlfn.SEQUENCE(5)-1, _xlfn.SEQUENCE(1,5)), 0), X24="Shift Left", IF(_xlfn.SEQUENCE(1,5)+1<=5, INDEX($C25:$G29, _xlfn.SEQUENCE(5), _xlfn.SEQUENCE(1,5)+1),0), X24= "Shift Right", IF(_xlfn.SEQUENCE(1,5)-1>=1, INDEX($C25:$G29, _xlfn.SEQUENCE(5), _xlfn.SEQUENCE(1,5)-1), 0), X24="Noise", _xlfn.MAP($C25:$G29 + (_xlfn.RANDARRAY(ROWS($C25:$G29), COLUMNS($C25:$G29)) - 0.5) * 0.4, _xlfn.LAMBDA(_xlpm.x, MAX(0, MIN(1, _xlpm.x)))))} -> 0.31808908 | Y25: 1 | Z25: 1 | AA25: 1 | AB25: 0.47361589 | AE25: {=_xlfn.IFS(AE24="None", $C25:$G29*0, AE24="Horizontal Flip", INDEX($C25:$G29, _xlfn.SEQUENCE(5), 6 - _xlfn.SEQUENCE(1,5)), AE24="Vertical Flip", INDEX($C25:$G29, 6 - _xlfn.SEQUENCE(5), _xlfn.SEQUENCE(1,5)), AE24="180 Rotation", INDEX($C25:$G29, 6 - _xlfn.SEQUENCE(5), 6 - _xlfn.SEQUENCE(1,5)), AE24="90 CW", INDEX($C25:$G29, 6 - _xlfn.SEQUENCE(1,5), _xlfn.SEQUENCE(5)), AE24="90 CCW", INDEX($C25:$G29, _xlfn.SEQUENCE(1,5), 6 - _xlfn.SEQUENCE(5)), AE24="Shift Up", IF(_xlfn.SEQUENCE(5)+1<=5, INDEX($C25:$G29, _xlfn.SEQUENCE(5)+1, _xlfn.SEQUENCE(1,5)), 0), AE24="Shift Down", IF(_xlfn.SEQUENCE(5)-1>=1, INDEX($C25:$G29, _xlfn.SEQUENCE(5)-1, _xlfn.SEQUENCE(1,5)), 0), AE24="Shift Left", IF(_xlfn.SEQUENCE(1,5)+1<=5, INDEX($C25:$G29, _xlfn.SEQUENCE(5), _xlfn.SEQUENCE(1,5)+1),0), AE24= "Shift Right", IF(_xlfn.SEQUENCE(1,5)-1>=1, INDEX($C25:$G29, _xlfn.SEQUENCE(5), _xlfn.SEQUENCE(1,5)-1), 0), AE24="Noise", _xlfn.MAP($C25:$G29 + (_xlfn.RANDARRAY(ROWS($C25:$G29), COLUMNS($C25:$G29)) - 0.5) * 0.4, _xlfn.LAMBDA(_xlpm.x, MAX(0, MIN(1, _xlpm.x)))))} -> 0.2291328 | AF25: 1 | AG25: 1 | AH25: 1 | AI25: 0.45498379 | AL25: {=_xlfn.IFS(AL24="None", $C25:$G29*0, AL24="Horizontal Flip", INDEX($C25:$G29, _xlfn.SEQUENCE(5), 6 - _xlfn.SEQUENCE(1,5)), AL24="Vertical Flip", INDEX($C25:$G29, 6 - _xlfn.SEQUENCE(5), _xlfn.SEQUENCE(1,5)), AL24="180 Rotation", INDEX($C25:$G29, 6 - _xlfn.SEQUENCE(5), 6 - _xlfn.SEQUENCE(1,5)), AL24="90 CW", INDEX($C25:$G29, 6 - _xlfn.SEQUENCE(1,5), _xlfn.SEQUENCE(5)), AL24="90 CCW", INDEX($C25:$G29, _xlfn.SEQUENCE(1,5), 6 - _xlfn.SEQUENCE(5)), AL24="Shift Up", IF(_xlfn.SEQUENCE(5)+1<=5, INDEX($C25:$G29, _xlfn.SEQUENCE(5)+1, _xlfn.SEQUENCE(1,5)), 0), AL24="Shift Down", IF(_xlfn.SEQUENCE(5)-1>=1, INDEX($C25:$G29, _xlfn.SEQUENCE(5)-1, _xlfn.SEQUENCE(1,5)), 0), AL24="Shift Left", IF(_xlfn.SEQUENCE(1,5)+1<=5, INDEX($C25:$G29, _xlfn.SEQUENCE(5), _xlfn.SEQUENCE(1,5)+1),0), AL24= "Shift Right", IF(_xlfn.SEQUENCE(1,5)-1>=1, INDEX($C25:$G29, _xlfn.SEQUENCE(5), _xlfn.SEQUENCE(1,5)-1), 0), AL24="Noise", _xlfn.MAP($C25:$G29 + (_xlfn.RANDARRAY(ROWS($C25:$G29), COLUMNS($C25:$G29)) - 0.5) * 0.4, _xlfn.LAMBDA(_xlpm.x, MAX(0, MIN(1, _xlpm.x)))))} -> 0.2291328 | AM25: 0.30909224 | AN25: 0.45743299 | AO25: 0.57160394 | AP25: 0.31808908 | AS25: {=_xlfn.IFS(AS24="None", $C25:$G29*0, AS24="Horizontal Flip", INDEX($C25:$G29, _xlfn.SEQUENCE(5), 6 - _xlfn.SEQUENCE(1,5)), AS24="Vertical Flip", INDEX($C25:$G29, 6 - _xlfn.SEQUENCE(5), _xlfn.SEQUENCE(1,5)), AS24="180 Rotation", INDEX($C25:$G29, 6 - _xlfn.SEQUENCE(5), 6 - _xlfn.SEQUENCE(1,5)), AS24="90 CW", INDEX($C25:$G29, 6 - _xlfn.SEQUENCE(1,5), _xlfn.SEQUENCE(5)), AS24="90 CCW", INDEX($C25:$G29, _xlfn.SEQUENCE(1,5), 6 - _xlfn.SEQUENCE(5)), AS24="Shift Up", IF(_xlfn.SEQUENCE(5)+1<=5, INDEX($C25:$G29, _xlfn.SEQUENCE(5)+1, _xlfn.SEQUENCE(1,5)), 0), AS24="Shift Down", IF(_xlfn.SEQUENCE(5)-1>=1, INDEX($C25:$G29, _xlfn.SEQUENCE(5)-1, _xlfn.SEQUENCE(1,5)), 0), AS24="Shift Left", IF(_xlfn.SEQUENCE(1,5)+1<=5, INDEX($C25:$G29, _xlfn.SEQUENCE(5), _xlfn.SEQUENCE(1,5)+1),0), AS24= "Shift Right", IF(_xlfn.SEQUENCE(1,5)-1>=1, INDEX($C25:$G29, _xlfn.SEQUENCE(5), _xlfn.SEQUENCE(1,5)-1), 0), AS24="Noise", _xlfn.MAP($C25:$G29 + (_xlfn.RANDARRAY(ROWS($C25:$G29), COLUMNS($C25:$G29)) - 0.5) * 0.4, _xlfn.LAMBDA(_xlpm.x, MAX(0, MIN(1, _xlpm.x)))))} -> 0 | AT25: 0 | AU25: 0 | AV25: 0 | AW25: 0 | AZ25: {=_xlfn.IFS(AZ24="None", $C25:$G29*0, AZ24="Horizontal Flip", INDEX($C25:$G29, _xlfn.SEQUENCE(5), 6 - _xlfn.SEQUENCE(1,5)), AZ24="Vertical Flip", INDEX($C25:$G29, 6 - _xlfn.SEQUENCE(5), _xlfn.SEQUENCE(1,5)), AZ24="180 Rotation", INDEX($C25:$G29, 6 - _xlfn.SEQUENCE(5), 6 - _xlfn.SEQUENCE(1,5)), AZ24="90 CW", INDEX($C25:$G29, 6 - _xlfn.SEQUENCE(1,5), _xlfn.SEQUENCE(5)), AZ24="90 CCW", INDEX($C25:$G29, _xlfn.SEQUENCE(1,5), 6 - _xlfn.SEQUENCE(5)), AZ24="Shift Up", IF(_xlfn.SEQUENCE(5)+1<=5, INDEX($C25:$G29, _xlfn.SEQUENCE(5)+1, _xlfn.SEQUENCE(1,5)), 0), AZ24="Shift Down", IF(_xlfn.SEQUENCE(5)-1>=1, INDEX($C25:$G29, _xlfn.SEQUENCE(5)-1, _xlfn.SEQUENCE(1,5)), 0), AZ24="Shift Left", IF(_xlfn.SEQUENCE(1,5)+1<=5, INDEX($C25:$G29, _xlfn.SEQUENCE(5), _xlfn.SEQUENCE(1,5)+1),0), AZ24= "Shift Right", IF(_xlfn.SEQUENCE(1,5)-1>=1, INDEX($C25:$G29, _xlfn.SEQUENCE(5), _xlfn.SEQUENCE(1,5)-1), 0), AZ24="Noise", _xlfn.MAP($C25:$G29 + (_xlfn.RANDARRAY(ROWS($C25:$G29), COLUMNS($C25:$G29)) - 0.5) * 0.4, _xlfn.LAMBDA(_xlpm.x, MAX(0, MIN(1, _xlpm.x)))))} -> 0 | BA25: 0.45498379 | BB25: 1 | BC25: 1 | BD25: 1 | BG25: {=_xlfn.IFS(BG24="None", $C25:$G29*0, BG24="Horizontal Flip", INDEX($C25:$G29, _xlfn.SEQUENCE(5), 6 - _xlfn.SEQUENCE(1,5)), BG24="Vertical Flip", INDEX($C25:$G29, 6 - _xlfn.SEQUENCE(5), _xlfn.SEQUENCE(1,5)), BG24="180 Rotation", INDEX($C25:$G29, 6 - _xlfn.SEQUENCE(5), 6 - _xlfn.SEQUENCE(1,5)), BG24="90 CW", INDEX($C25:$G29, 6 - _xlfn.SEQUENCE(1,5), _xlfn.SEQUENCE(5)), BG24="90 CCW", INDEX($C25:$G29, _xlfn.SEQUENCE(1,5), 6 - _xlfn.SEQUENCE(5)), BG24="Shift Up", IF(_xlfn.SEQUENCE(5)+1<=5, INDEX($C25:$G29, _xlfn.SEQUENCE(5)+1, _xlfn.SEQUENCE(1,5)), 0), BG24="Shift Down", IF(_xlfn.SEQUENCE(5)-1>=1, INDEX($C25:$G29, _xlfn.SEQUENCE(5)-1, _xlfn.SEQUENCE(1,5)), 0), BG24="Shift Left", IF(_xlfn.SEQUENCE(1,5)+1<=5, INDEX($C25:$G29, _xlfn.SEQUENCE(5), _xlfn.SEQUENCE(1,5)+1),0), BG24= "Shift Right", IF(_xlfn.SEQUENCE(1,5)-1>=1, INDEX($C25:$G29, _xlfn.SEQUENCE(5), _xlfn.SEQUENCE(1,5)-1), 0), BG24="Noise", _xlfn.MAP($C25:$G29 + (_xlfn.RANDARRAY(ROWS($C25:$G29), COLUMNS($C25:$G29)) - 0.5) * 0.4, _xlfn.LAMBDA(_xlpm.x, MAX(0, MIN(1, _xlpm.x)))))} -> 1 | BH25: 1 | BI25: 1 | BJ25: 0.2291328 | BK25: 0 | BN25: {=_xlfn.IFS(BN24="None", $C25:$G29*0, BN24="Horizontal Flip", INDEX($C25:$G29, _xlfn.SEQUENCE(5), 6 - _xlfn.SEQUENCE(1,5)), BN24="Vertical Flip", INDEX($C25:$G29, 6 - _xlfn.SEQUENCE(5), _xlfn.SEQUENCE(1,5)), BN24="180 Rotation", INDEX($C25:$G29, 6 - _xlfn.SEQUENCE(5), 6 - _xlfn.SEQUENCE(1,5)), BN24="90 CW", INDEX($C25:$G29, 6 - _xlfn.SEQUENCE(1,5), _xlfn.SEQUENCE(5)), BN24="90 CCW", INDEX($C25:$G29, _xlfn.SEQUENCE(1,5), 6 - _xlfn.SEQUENCE(5)), BN24="Shift Up", IF(_xlfn.SEQUENCE(5)+1<=5, INDEX($C25:$G29, _xlfn.SEQUENCE(5)+1, _xlfn.SEQUENCE(1,5)), 0), BN24="Shift Down", IF(_xlfn.SEQUENCE(5)-1>=1, INDEX($C25:$G29, _xlfn.SEQUENCE(5)-1, _xlfn.SEQUENCE(1,5)), 0), BN24="Shift Left", IF(_xlfn.SEQUENCE(1,5)+1<=5, INDEX($C25:$G29, _xlfn.SEQUENCE(5), _xlfn.SEQUENCE(1,5)+1),0), BN24= "Shift Right", IF(_xlfn.SEQUENCE(1,5)-1>=1, INDEX($C25:$G29, _xlfn.SEQUENCE(5), _xlfn.SEQUENCE(1,5)-1), 0), BN24="Noise", _xlfn.MAP($C25:$G29 + (_xlfn.RANDARRAY(ROWS($C25:$G29), COLUMNS($C25:$G29)) - 0.5) * 0.4, _xlfn.LAMBDA(_xlpm.x, MAX(0, MIN(1, _xlpm.x)))))} -> 0.60020016 | BO25: 1 | BP25: 1 | BQ25: 0.96567586 | BR25: 0.3552705 | BU25: {=_xlfn.IFS(BU24="None", $C25:$G29*0, BU24="Horizontal Flip", INDEX($C25:$G29, _xlfn.SEQUENCE(5), 6 - _xlfn.SEQUENCE(1,5)), BU24="Vertical Flip", INDEX($C25:$G29, 6 - _xlfn.SEQUENCE(5), _xlfn.SEQUENCE(1,5)), BU24="180 Rotation", INDEX($C25:$G29, 6 - _xlfn.SEQUENCE(5), 6 - _xlfn.SEQUENCE(1,5)), BU24="90 CW", INDEX($C25:$G29, 6 - _xlfn.SEQUENCE(1,5), _xlfn.SEQUENCE(5)), BU24="90 CCW", INDEX($C25:$G29, _xlfn.SEQUENCE(1,5), 6 - _xlfn.SEQUENCE(5)), BU24="Shift Up", IF(_xlfn.SEQUENCE(5)+1<=5, INDEX($C25:$G29, _xlfn.SEQUENCE(5)+1, _xlfn.SEQUENCE(1,5)), 0), BU24="Shift Down", IF(_xlfn.SEQUENCE(5)-1>=1, INDEX($C25:$G29, _xlfn.SEQUENCE(5)-1, _xlfn.SEQUENCE(1,5)), 0), BU24="Shift Left", IF(_xlfn.SEQUENCE(1,5)+1<=5, INDEX($C25:$G29, _xlfn.SEQUENCE(5), _xlfn.SEQUENCE(1,5)+1),0), BU24= "Shift Right", IF(_xlfn.SEQUENCE(1,5)-1>=1, INDEX($C25:$G29, _xlfn.SEQUENCE(5), _xlfn.SEQUENCE(1,5)-1), 0), BU24="Noise", _xlfn.MAP($C25:$G29 + (_xlfn.RANDARRAY(ROWS($C25:$G29), COLUMNS($C25:$G29)) - 0.5) * 0.4, _xlfn.LAMBDA(_xlpm.x, MAX(0, MIN(1, _xlpm.x)))))} -> 0.47361589 | BV25: 0.24288144 | BW25: 0.41181979 | BX25: 0.5769979 | BY25: 0.45498379
C26: 0.5769979 | D26: 0.38322233 | E26: 0.15720976 | F26: 1 | G26: 0.30909224 | J26: 0.41181979 | K26: 1 | L26: 1 | M26: 1 | N26: 0.45743299 | Q26: 0.24288144 | R26: 0.43554736 | S26: 0.17145441 | T26: 1 | U26: 0.57160394 | X26: 0.57160394 | Y26: 1 | Z26: 0.17145441 | AA26: 0.43554736 | AB26: 0.24288144 | AE26: 0.30909224 | AF26: 1 | AG26: 0.15720976 | AH26: 0.38322233 | AI26: 0.5769979 | AL26: 1 | AM26: 1 | AN26: 1 | AO26: 1 | AP26: 1 | AS26: 0.45498379 | AT26: 1 | AU26: 1 | AV26: 1 | AW26: 0.2291328 | AZ26: 0 | BA26: 0.5769979 | BB26: 0.38322233 | BC26: 0.15720976 | BD26: 1 | BG26: 0.38322233 | BH26: 0.15720976 | BI26: 1 | BJ26: 0.30909224 | BK26: 0 | BN26: 0.6130821 | BO26: 0.40936298 | BP26: 0.26341438 | BQ26: 0.86958992 | BR26: 0.34579786 | BU26: 1 | BV26: 0.43554736 | BW26: 1 | BX26: 0.38322233 | BY26: 1
C27: 0.41181979 | D27: 1 | E27: 1 | F27: 1 | G27: 0.45743299 | J27: 0.24288144 | K27: 0.43554736 | L27: 0.17145441 | M27: 1 | N27: 0.57160394 | Q27: 0.41181979 | R27: 1 | S27: 1 | T27: 1 | U27: 0.45743299 | X27: 0.45743299 | Y27: 1 | Z27: 1 | AA27: 1 | AB27: 0.41181979 | AE27: 0.45743299 | AF27: 1 | AG27: 1 | AH27: 1 | AI27: 0.41181979 | AL27: 1 | AM27: 0.15720976 | AN27: 1 | AO27: 0.17145441 | AP27: 1 | AS27: 0.5769979 | AT27: 0.38322233 | AU27: 0.15720976 | AV27: 1 | AW27: 0.30909224 | AZ27: 0 | BA27: 0.41181979 | BB27: 1 | BC27: 1 | BD27: 1 | BG27: 1 | BH27: 1 | BI27: 1 | BJ27: 0.45743299 | BK27: 0 | BN27: 0.44831918 | BO27: 0.99838192 | BP27: 0.98310787 | BQ27: 0.97201754 | BR27: 0.45482165 | BU27: 1 | BV27: 0.17145441 | BW27: 1 | BX27: 0.15720976 | BY27: 1
C28: 0.24288144 | D28: 0.43554736 | E28: 0.17145441 | F28: 1 | G28: 0.57160394 | J28: 0.47361589 | K28: 1 | L28: 1 | M28: 1 | N28: 0.31808908 | Q28: 0.5769979 | R28: 0.38322233 | S28: 0.15720976 | T28: 1 | U28: 0.30909224 | X28: 0.30909224 | Y28: 1 | Z28: 0.15720976 | AA28: 0.38322233 | AB28: 0.5769979 | AE28: 0.57160394 | AF28: 1 | AG28: 0.17145441 | AH28: 0.43554736 | AI28: 0.24288144 | AL28: 1 | AM28: 0.38322233 | AN28: 1 | AO28: 0.43554736 | AP28: 1 | AS28: 0.41181979 | AT28: 1 | AU28: 1 | AV28: 1 | AW28: 0.45743299 | AZ28: 0 | BA28: 0.24288144 | BB28: 0.43554736 | BC28: 0.17145441 | BD28: 1 | BG28: 0.43554736 | BH28: 0.17145441 | BI28: 1 | BJ28: 0.57160394 | BK28: 0 | BN28: 0.25313924 | BO28: 0.62073837 | BP28: 0 | BQ28: 0.92532282 | BR28: 0.49089568 | BU28: 1 | BV28: 1 | BW28: 1 | BX28: 1 | BY28: 1
C29: 0.47361589 | D29: 1 | E29: 1 | F29: 1 | G29: 0.31808908 | J29: 0 | K29: 0 | L29: 0 | M29: 0 | N29: 0 | Q29: 0.45498379 | R29: 1 | S29: 1 | T29: 1 | U29: 0.2291328 | X29: 0.2291328 | Y29: 1 | Z29: 1 | AA29: 1 | AB29: 0.45498379 | AE29: 0.31808908 | AF29: 1 | AG29: 1 | AH29: 1 | AI29: 0.47361589 | AL29: 0.45498379 | AM29: 0.5769979 | AN29: 0.41181979 | AO29: 0.24288144 | AP29: 0.47361589 | AS29: 0.24288144 | AT29: 0.43554736 | AU29: 0.17145441 | AV29: 1 | AW29: 0.57160394 | AZ29: 0 | BA29: 0.47361589 | BB29: 1 | BC29: 1 | BD29: 1 | BG29: 1 | BH29: 1 | BI29: 1 | BJ29: 0.31808908 | BK29: 0 | BN29: 0.31321335 | BO29: 0.94335985 | BP29: 1 | BQ29: 1 | BR29: 0.29260825 | BU29: 0.31808908 | BV29: 0.57160394 | BW29: 0.45743299 | BX29: 0.30909224 | BY29: 0.2291328
B31: 4 | C31: Original | J31: {=INDEX(Helper!$E$13:$E$22, OFFSET(Helper!$J$13,$B31,J$2))} -> 180 Rotation | Q31: {=INDEX(Helper!$E$13:$E$22, OFFSET(Helper!$J$13,$B31,Q$2))} -> Shift Right | X31: {=INDEX(Helper!$E$13:$E$22, OFFSET(Helper!$J$13,$B31,X$2))} -> Shift Up | AE31: {=INDEX(Helper!$E$13:$E$22, OFFSET(Helper!$J$13,$B31,AE$2))} -> 90 CW | AL31: {=INDEX(Helper!$E$13:$E$22, OFFSET(Helper!$J$13,$B31,AL$2))} -> Shift Left | AS31: {=INDEX(Helper!$E$13:$E$22, OFFSET(Helper!$J$13,$B31,AS$2))} -> Vertical Flip | AZ31: {=INDEX(Helper!$E$13:$E$22, OFFSET(Helper!$J$13,$B31,AZ$2))} -> 90 CCW | BG31: {=INDEX(Helper!$E$13:$E$22, OFFSET(Helper!$J$13,$B31,BG$2))} -> Horizontal Flip | BN31: {=INDEX(Helper!$E$13:$E$22, OFFSET(Helper!$J$13,$B31,BN$2))} -> Shift Down | BU31: {=INDEX(Helper!$E$13:$E$22, OFFSET(Helper!$J$13,$B31,BU$2))} -> Noise
C32: 0.45467298 | D32: 1 | E32: 0.279725 | F32: 1 | G32: 0.52614402 | J32: {=_xlfn.IFS(J31="None", $C32:$G36*0, J31="Horizontal Flip", INDEX($C32:$G36, _xlfn.SEQUENCE(5), 6 - _xlfn.SEQUENCE(1,5)), J31="Vertical Flip", INDEX($C32:$G36, 6 - _xlfn.SEQUENCE(5), _xlfn.SEQUENCE(1,5)), J31="180 Rotation", INDEX($C32:$G36, 6 - _xlfn.SEQUENCE(5), 6 - _xlfn.SEQUENCE(1,5)), J31="90 CW", INDEX($C32:$G36, 6 - _xlfn.SEQUENCE(1,5), _xlfn.SEQUENCE(5)), J31="90 CCW", INDEX($C32:$G36, _xlfn.SEQUENCE(1,5), 6 - _xlfn.SEQUENCE(5)), J31="Shift Up", IF(_xlfn.SEQUENCE(5)+1<=5, INDEX($C32:$G36, _xlfn.SEQUENCE(5)+1, _xlfn.SEQUENCE(1,5)), 0), J31="Shift Down", IF(_xlfn.SEQUENCE(5)-1>=1, INDEX($C32:$G36, _xlfn.SEQUENCE(5)-1, _xlfn.SEQUENCE(1,5)), 0), J31="Shift Left", IF(_xlfn.SEQUENCE(1,5)+1<=5, INDEX($C32:$G36, _xlfn.SEQUENCE(5), _xlfn.SEQUENCE(1,5)+1),0), J31= "Shift Right", IF(_xlfn.SEQUENCE(1,5)-1>=1, INDEX($C32:$G36, _xlfn.SEQUENCE(5), _xlfn.SEQUENCE(1,5)-1), 0), J31="Noise", _xlfn.MAP($C32:$G36 + (_xlfn.RANDARRAY(ROWS($C32:$G36), COLUMNS($C32:$G36)) - 0.5) * 0.4, _xlfn.LAMBDA(_xlpm.x, MAX(0, MIN(1, _xlpm.x)))))} -> 0.40699939 | K32: 1 | L32: 0.59604971 | M32: 0.2513423 | N32: 0.36530535 | Q32: {=_xlfn.IFS(Q31="None", $C32:$G36*0, Q31="Horizontal Flip", INDEX($C32:$G36, _xlfn.SEQUENCE(5), 6 - _xlfn.SEQUENCE(1,5)), Q31="Vertical Flip", INDEX($C32:$G36, 6 - _xlfn.SEQUENCE(5), _xlfn.SEQUENCE(1,5)), Q31="180 Rotation", INDEX($C32:$G36, 6 - _xlfn.SEQUENCE(5), 6 - _xlfn.SEQUENCE(1,5)), Q31="90 CW", INDEX($C32:$G36, 6 - _xlfn.SEQUENCE(1,5), _xlfn.SEQUENCE(5)), Q31="90 CCW", INDEX($C32:$G36, _xlfn.SEQUENCE(1,5), 6 - _xlfn.SEQUENCE(5)), Q31="Shift Up", IF(_xlfn.SEQUENCE(5)+1<=5, INDEX($C32:$G36, _xlfn.SEQUENCE(5)+1, _xlfn.SEQUENCE(1,5)), 0), Q31="Shift Down", IF(_xlfn.SEQUENCE(5)-1>=1, INDEX($C32:$G36, _xlfn.SEQUENCE(5)-1, _xlfn.SEQUENCE(1,5)), 0), Q31="Shift Left", IF(_xlfn.SEQUENCE(1,5)+1<=5, INDEX($C32:$G36, _xlfn.SEQUENCE(5), _xlfn.SEQUENCE(1,5)+1),0), Q31= "Shift Right", IF(_xlfn.SEQUENCE(1,5)-1>=1, INDEX($C32:$G36, _xlfn.SEQUENCE(5), _xlfn.SEQUENCE(1,5)-1), 0), Q31="Noise", _xlfn.MAP($C32:$G36 + (_xlfn.RANDARRAY(ROWS($C32:$G36), COLUMNS($C32:$G36)) - 0.5) * 0.4, _xlfn.LAMBDA(_xlpm.x, MAX(0, MIN(1, _xlpm.x)))))} -> 0 | R32: 0.45467298 | S32: 1 | T32: 0.279725 | U32: 1 | X32: {=_xlfn.IFS(X31="None", $C32:$G36*0, X31="Horizontal Flip", INDEX($C32:$G36, _xlfn.SEQUENCE(5), 6 - _xlfn.SEQUENCE(1,5)), X31="Vertical Flip", INDEX($C32:$G36, 6 - _xlfn.SEQUENCE(5), _xlfn.SEQUENCE(1,5)), X31="180 Rotation", INDEX($C32:$G36, 6 - _xlfn.SEQUENCE(5), 6 - _xlfn.SEQUENCE(1,5)), X31="90 CW", INDEX($C32:$G36, 6 - _xlfn.SEQUENCE(1,5), _xlfn.SEQUENCE(5)), X31="90 CCW", INDEX($C32:$G36, _xlfn.SEQUENCE(1,5), 6 - _xlfn.SEQUENCE(5)), X31="Shift Up", IF(_xlfn.SEQUENCE(5)+1<=5, INDEX($C32:$G36, _xlfn.SEQUENCE(5)+1, _xlfn.SEQUENCE(1,5)), 0), X31="Shift Down", IF(_xlfn.SEQUENCE(5)-1>=1, INDEX($C32:$G36, _xlfn.SEQUENCE(5)-1, _xlfn.SEQUENCE(1,5)), 0), X31="Shift Left", IF(_xlfn.SEQUENCE(1,5)+1<=5, INDEX($C32:$G36, _xlfn.SEQUENCE(5), _xlfn.SEQUENCE(1,5)+1),0), X31= "Shift Right", IF(_xlfn.SEQUENCE(1,5)-1>=1, INDEX($C32:$G36, _xlfn.SEQUENCE(5), _xlfn.SEQUENCE(1,5)-1), 0), X31="Noise", _xlfn.MAP($C32:$G36 + (_xlfn.RANDARRAY(ROWS($C32:$G36), COLUMNS($C32:$G36)) - 0.5) * 0.4, _xlfn.LAMBDA(_xlpm.x, MAX(0, MIN(1, _xlpm.x)))))} -> 0.61460711 | Y32: 1 | Z32: 0.22403756 | AA32: 1 | AB32: 0.1813303 | AE32: {=_xlfn.IFS(AE31="None", $C32:$G36*0, AE31="Horizontal Flip", INDEX($C32:$G36, _xlfn.SEQUENCE(5), 6 - _xlfn.SEQUENCE(1,5)), AE31="Vertical Flip", INDEX($C32:$G36, 6 - _xlfn.SEQUENCE(5), _xlfn.SEQUENCE(1,5)), AE31="180 Rotation", INDEX($C32:$G36, 6 - _xlfn.SEQUENCE(5), 6 - _xlfn.SEQUENCE(1,5)), AE31="90 CW", INDEX($C32:$G36, 6 - _xlfn.SEQUENCE(1,5), _xlfn.SEQUENCE(5)), AE31="90 CCW", INDEX($C32:$G36, _xlfn.SEQUENCE(1,5), 6 - _xlfn.SEQUENCE(5)), AE31="Shift Up", IF(_xlfn.SEQUENCE(5)+1<=5, INDEX($C32:$G36, _xlfn.SEQUENCE(5)+1, _xlfn.SEQUENCE(1,5)), 0), AE31="Shift Down", IF(_xlfn.SEQUENCE(5)-1>=1, INDEX($C32:$G36, _xlfn.SEQUENCE(5)-1, _xlfn.SEQUENCE(1,5)), 0), AE31="Shift Left", IF(_xlfn.SEQUENCE(1,5)+1<=5, INDEX($C32:$G36, _xlfn.SEQUENCE(5), _xlfn.SEQUENCE(1,5)+1),0), AE31= "Shift Right", IF(_xlfn.SEQUENCE(1,5)-1>=1, INDEX($C32:$G36, _xlfn.SEQUENCE(5), _xlfn.SEQUENCE(1,5)-1), 0), AE31="Noise", _xlfn.MAP($C32:$G36 + (_xlfn.RANDARRAY(ROWS($C32:$G36), COLUMNS($C32:$G36)) - 0.5) * 0.4, _xlfn.LAMBDA(_xlpm.x, MAX(0, MIN(1, _xlpm.x)))))} -> 0.36530535 | AF32: 0.57425315 | AG32: 0.21698808 | AH32: 0.61460711 | AI32: 0.45467298 | AL32: {=_xlfn.IFS(AL31="None", $C32:$G36*0, AL31="Horizontal Flip", INDEX($C32:$G36, _xlfn.SEQUENCE(5), 6 - _xlfn.SEQUENCE(1,5)), AL31="Vertical Flip", INDEX($C32:$G36, 6 - _xlfn.SEQUENCE(5), _xlfn.SEQUENCE(1,5)), AL31="180 Rotation", INDEX($C32:$G36, 6 - _xlfn.SEQUENCE(5), 6 - _xlfn.SEQUENCE(1,5)), AL31="90 CW", INDEX($C32:$G36, 6 - _xlfn.SEQUENCE(1,5), _xlfn.SEQUENCE(5)), AL31="90 CCW", INDEX($C32:$G36, _xlfn.SEQUENCE(1,5), 6 - _xlfn.SEQUENCE(5)), AL31="Shift Up", IF(_xlfn.SEQUENCE(5)+1<=5, INDEX($C32:$G36, _xlfn.SEQUENCE(5)+1, _xlfn.SEQUENCE(1,5)), 0), AL31="Shift Down", IF(_xlfn.SEQUENCE(5)-1>=1, INDEX($C32:$G36, _xlfn.SEQUENCE(5)-1, _xlfn.SEQUENCE(1,5)), 0), AL31="Shift Left", IF(_xlfn.SEQUENCE(1,5)+1<=5, INDEX($C32:$G36, _xlfn.SEQUENCE(5), _xlfn.SEQUENCE(1,5)+1),0), AL31= "Shift Right", IF(_xlfn.SEQUENCE(1,5)-1>=1, INDEX($C32:$G36, _xlfn.SEQUENCE(5), _xlfn.SEQUENCE(1,5)-1), 0), AL31="Noise", _xlfn.MAP($C32:$G36 + (_xlfn.RANDARRAY(ROWS($C32:$G36), COLUMNS($C32:$G36)) - 0.5) * 0.4, _xlfn.LAMBDA(_xlpm.x, MAX(0, MIN(1, _xlpm.x)))))} -> 1 | AM32: 0.279725 | AN32: 1 | AO32: 0.52614402 | AP32: 0 | AS32: {=_xlfn.IFS(AS31="None", $C32:$G36*0, AS31="Horizontal Flip", INDEX($C32:$G36, _xlfn.SEQUENCE(5), 6 - _xlfn.SEQUENCE(1,5)), AS31="Vertical Flip", INDEX($C32:$G36, 6 - _xlfn.SEQUENCE(5), _xlfn.SEQUENCE(1,5)), AS31="180 Rotation", INDEX($C32:$G36, 6 - _xlfn.SEQUENCE(5), 6 - _xlfn.SEQUENCE(1,5)), AS31="90 CW", INDEX($C32:$G36, 6 - _xlfn.SEQUENCE(1,5), _xlfn.SEQUENCE(5)), AS31="90 CCW", INDEX($C32:$G36, _xlfn.SEQUENCE(1,5), 6 - _xlfn.SEQUENCE(5)), AS31="Shift Up", IF(_xlfn.SEQUENCE(5)+1<=5, INDEX($C32:$G36, _xlfn.SEQUENCE(5)+1, _xlfn.SEQUENCE(1,5)), 0), AS31="Shift Down", IF(_xlfn.SEQUENCE(5)-1>=1, INDEX($C32:$G36, _xlfn.SEQUENCE(5)-1, _xlfn.SEQUENCE(1,5)), 0), AS31="Shift Left", IF(_xlfn.SEQUENCE(1,5)+1<=5, INDEX($C32:$G36, _xlfn.SEQUENCE(5), _xlfn.SEQUENCE(1,5)+1),0), AS31= "Shift Right", IF(_xlfn.SEQUENCE(1,5)-1>=1, INDEX($C32:$G36, _xlfn.SEQUENCE(5), _xlfn.SEQUENCE(1,5)-1), 0), AS31="Noise", _xlfn.MAP($C32:$G36 + (_xlfn.RANDARRAY(ROWS($C32:$G36), COLUMNS($C32:$G36)) - 0.5) * 0.4, _xlfn.LAMBDA(_xlpm.x, MAX(0, MIN(1, _xlpm.x)))))} -> 0.36530535 | AT32: 0.2513423 | AU32: 0.59604971 | AV32: 1 | AW32: 0.40699939 | AZ32: {=_xlfn.IFS(AZ31="None", $C32:$G36*0, AZ31="Horizontal Flip", INDEX($C32:$G36, _xlfn.SEQUENCE(5), 6 - _xlfn.SEQUENCE(1,5)), AZ31="Vertical Flip", INDEX($C32:$G36, 6 - _xlfn.SEQUENCE(5), _xlfn.SEQUENCE(1,5)), AZ31="180 Rotation", INDEX($C32:$G36, 6 - _xlfn.SEQUENCE(5), 6 - _xlfn.SEQUENCE(1,5)), AZ31="90 CW", INDEX($C32:$G36, 6 - _xlfn.SEQUENCE(1,5), _xlfn.SEQUENCE(5)), AZ31="90 CCW", INDEX($C32:$G36, _xlfn.SEQUENCE(1,5), 6 - _xlfn.SEQUENCE(5)), AZ31="Shift Up", IF(_xlfn.SEQUENCE(5)+1<=5, INDEX($C32:$G36, _xlfn.SEQUENCE(5)+1, _xlfn.SEQUENCE(1,5)), 0), AZ31="Shift Down", IF(_xlfn.SEQUENCE(5)-1>=1, INDEX($C32:$G36, _xlfn.SEQUENCE(5)-1, _xlfn.SEQUENCE(1,5)), 0), AZ31="Shift Left", IF(_xlfn.SEQUENCE(1,5)+1<=5, INDEX($C32:$G36, _xlfn.SEQUENCE(5), _xlfn.SEQUENCE(1,5)+1),0), AZ31= "Shift Right", IF(_xlfn.SEQUENCE(1,5)-1>=1, INDEX($C32:$G36, _xlfn.SEQUENCE(5), _xlfn.SEQUENCE(1,5)-1), 0), AZ31="Noise", _xlfn.MAP($C32:$G36 + (_xlfn.RANDARRAY(ROWS($C32:$G36), COLUMNS($C32:$G36)) - 0.5) * 0.4, _xlfn.LAMBDA(_xlpm.x, MAX(0, MIN(1, _xlpm.x)))))} -> 0.52614402 | BA32: 0.1813303 | BB32: 0.6266221 | BC32: 0.28950804 | BD32: 0.40699939 | BG32: {=_xlfn.IFS(BG31="None", $C32:$G36*0, BG31="Horizontal Flip", INDEX($C32:$G36, _xlfn.SEQUENCE(5), 6 - _xlfn.SEQUENCE(1,5)), BG31="Vertical Flip", INDEX($C32:$G36, 6 - _xlfn.SEQUENCE(5), _xlfn.SEQUENCE(1,5)), BG31="180 Rotation", INDEX($C32:$G36, 6 - _xlfn.SEQUENCE(5), 6 - _xlfn.SEQUENCE(1,5)), BG31="90 CW", INDEX($C32:$G36, 6 - _xlfn.SEQUENCE(1,5), _xlfn.SEQUENCE(5)), BG31="90 CCW", INDEX($C32:$G36, _xlfn.SEQUENCE(1,5), 6 - _xlfn.SEQUENCE(5)), BG31="Shift Up", IF(_xlfn.SEQUENCE(5)+1<=5, INDEX($C32:$G36, _xlfn.SEQUENCE(5)+1, _xlfn.SEQUENCE(1,5)), 0), BG31="Shift Down", IF(_xlfn.SEQUENCE(5)-1>=1, INDEX($C32:$G36, _xlfn.SEQUENCE(5)-1, _xlfn.SEQUENCE(1,5)), 0), BG31="Shift Left", IF(_xlfn.SEQUENCE(1,5)+1<=5, INDEX($C32:$G36, _xlfn.SEQUENCE(5), _xlfn.SEQUENCE(1,5)+1),0), BG31= "Shift Right", IF(_xlfn.SEQUENCE(1,5)-1>=1, INDEX($C32:$G36, _xlfn.SEQUENCE(5), _xlfn.SEQUENCE(1,5)-1), 0), BG31="Noise", _xlfn.MAP($C32:$G36 + (_xlfn.RANDARRAY(ROWS($C32:$G36), COLUMNS($C32:$G36)) - 0.5) * 0.4, _xlfn.LAMBDA(_xlpm.x, MAX(0, MIN(1, _xlpm.x)))))} -> 0.52614402 | BH32: 1 | BI32: 0.279725 | BJ32: 1 | BK32: 0.45467298 | BN32: {=_xlfn.IFS(BN31="None", $C32:$G36*0, BN31="Horizontal Flip", INDEX($C32:$G36, _xlfn.SEQUENCE(5), 6 - _xlfn.SEQUENCE(1,5)), BN31="Vertical Flip", INDEX($C32:$G36, 6 - _xlfn.SEQUENCE(5), _xlfn.SEQUENCE(1,5)), BN31="180 Rotation", INDEX($C32:$G36, 6 - _xlfn.SEQUENCE(5), 6 - _xlfn.SEQUENCE(1,5)), BN31="90 CW", INDEX($C32:$G36, 6 - _xlfn.SEQUENCE(1,5), _xlfn.SEQUENCE(5)), BN31="90 CCW", INDEX($C32:$G36, _xlfn.SEQUENCE(1,5), 6 - _xlfn.SEQUENCE(5)), BN31="Shift Up", IF(_xlfn.SEQUENCE(5)+1<=5, INDEX($C32:$G36, _xlfn.SEQUENCE(5)+1, _xlfn.SEQUENCE(1,5)), 0), BN31="Shift Down", IF(_xlfn.SEQUENCE(5)-1>=1, INDEX($C32:$G36, _xlfn.SEQUENCE(5)-1, _xlfn.SEQUENCE(1,5)), 0), BN31="Shift Left", IF(_xlfn.SEQUENCE(1,5)+1<=5, INDEX($C32:$G36, _xlfn.SEQUENCE(5), _xlfn.SEQUENCE(1,5)+1),0), BN31= "Shift Right", IF(_xlfn.SEQUENCE(1,5)-1>=1, INDEX($C32:$G36, _xlfn.SEQUENCE(5), _xlfn.SEQUENCE(1,5)-1), 0), BN31="Noise", _xlfn.MAP($C32:$G36 + (_xlfn.RANDARRAY(ROWS($C32:$G36), COLUMNS($C32:$G36)) - 0.5) * 0.4, _xlfn.LAMBDA(_xlpm.x, MAX(0, MIN(1, _xlpm.x)))))} -> 0 | BO32: 0 | BP32: 0 | BQ32: 0 | BR32: 0 | BU32: {=_xlfn.IFS(BU31="None", $C32:$G36*0, BU31="Horizontal Flip", INDEX($C32:$G36, _xlfn.SEQUENCE(5), 6 - _xlfn.SEQUENCE(1,5)), BU31="Vertical Flip", INDEX($C32:$G36, 6 - _xlfn.SEQUENCE(5), _xlfn.SEQUENCE(1,5)), BU31="180 Rotation", INDEX($C32:$G36, 6 - _xlfn.SEQUENCE(5), 6 - _xlfn.SEQUENCE(1,5)), BU31="90 CW", INDEX($C32:$G36, 6 - _xlfn.SEQUENCE(1,5), _xlfn.SEQUENCE(5)), BU31="90 CCW", INDEX($C32:$G36, _xlfn.SEQUENCE(1,5), 6 - _xlfn.SEQUENCE(5)), BU31="Shift Up", IF(_xlfn.SEQUENCE(5)+1<=5, INDEX($C32:$G36, _xlfn.SEQUENCE(5)+1, _xlfn.SEQUENCE(1,5)), 0), BU31="Shift Down", IF(_xlfn.SEQUENCE(5)-1>=1, INDEX($C32:$G36, _xlfn.SEQUENCE(5)-1, _xlfn.SEQUENCE(1,5)), 0), BU31="Shift Left", IF(_xlfn.SEQUENCE(1,5)+1<=5, INDEX($C32:$G36, _xlfn.SEQUENCE(5), _xlfn.SEQUENCE(1,5)+1),0), BU31= "Shift Right", IF(_xlfn.SEQUENCE(1,5)-1>=1, INDEX($C32:$G36, _xlfn.SEQUENCE(5), _xlfn.SEQUENCE(1,5)-1), 0), BU31="Noise", _xlfn.MAP($C32:$G36 + (_xlfn.RANDARRAY(ROWS($C32:$G36), COLUMNS($C32:$G36)) - 0.5) * 0.4, _xlfn.LAMBDA(_xlpm.x, MAX(0, MIN(1, _xlpm.x)))))} -> 0.48944 | BV32: 0.97311492 | BW32: 0.27010941 | BX32: 1 | BY32: 0.64111368
C33: 0.61460711 | D33: 1 | E33: 0.22403756 | F33: 1 | G33: 0.1813303 | J33: 0.28950804 | K33: 1 | L33: 0.24681595 | M33: 0.63872803 | N33: 0.57425315 | Q33: 0 | R33: 0.61460711 | S33: 1 | T33: 0.22403756 | U33: 1 | X33: 0.21698808 | Y33: 1 | Z33: 1 | AA33: 1 | AB33: 0.6266221 | AE33: 0.2513423 | AF33: 0.63872803 | AG33: 1 | AH33: 1 | AI33: 1 | AL33: 1 | AM33: 0.22403756 | AN33: 1 | AO33: 0.1813303 | AP33: 0 | AS33: 0.57425315 | AT33: 0.63872803 | AU33: 0.24681595 | AV33: 1 | AW33: 0.28950804 | AZ33: 1 | BA33: 1 | BB33: 1 | BC33: 1 | BD33: 1 | BG33: 0.1813303 | BH33: 1 | BI33: 0.22403756 | BJ33: 1 | BK33: 0.61460711 | BN33: 0.45467298 | BO33: 1 | BP33: 0.279725 | BQ33: 1 | BR33: 0.52614402 | BU33: 0.53265799 | BV33: 0.88779766 | BW33: 0.25005279 | BX33: 0.99093414 | BY33: 0.23503882
C34: 0.21698808 | D34: 1 | E34: 1 | F34: 1 | G34: 0.6266221 | J34: 0.6266221 | K34: 1 | L34: 1 | M34: 1 | N34: 0.21698808 | Q34: 0 | R34: 0.21698808 | S34: 1 | T34: 1 | U34: 1 | X34: 0.57425315 | Y34: 0.63872803 | Z34: 0.24681595 | AA34: 1 | AB34: 0.28950804 | AE34: 0.59604971 | AF34: 0.24681595 | AG34: 1 | AH34: 0.22403756 | AI34: 0.279725 | AL34: 1 | AM34: 1 | AN34: 1 | AO34: 0.6266221 | AP34: 0 | AS34: 0.21698808 | AT34: 1 | AU34: 1 | AV34: 1 | AW34: 0.6266221 | AZ34: 0.279725 | BA34: 0.22403756 | BB34: 1 | BC34: 0.24681595 | BD34: 0.59604971 | BG34: 0.6266221 | BH34: 1 | BI34: 1 | BJ34: 1 | BK34: 0.21698808 | BN34: 0.61460711 | BO34: 1 | BP34: 0.22403756 | BQ34: 1 | BR34: 0.1813303 | BU34: 0.35347219 | BV34: 0.91498472 | BW34: 0.91743496 | BX34: 0.93879274 | BY34: 0.78920205
C35: 0.57425315 | D35: 0.63872803 | E35: 0.24681595 | F35: 1 | G35: 0.28950804 | J35: 0.1813303 | K35: 1 | L35: 0.22403756 | M35: 1 | N35: 0.61460711 | Q35: 0 | R35: 0.57425315 | S35: 0.63872803 | T35: 0.24681595 | U35: 1 | X35: 0.36530535 | Y35: 0.2513423 | Z35: 0.59604971 | AA35: 1 | AB35: 0.40699939 | AE35: 1 | AF35: 1 | AG35: 1 | AH35: 1 | AI35: 1 | AL35: 0.63872803 | AM35: 0.24681595 | AN35: 1 | AO35: 0.28950804 | AP35: 0 | AS35: 0.61460711 | AT35: 1 | AU35: 0.22403756 | AV35: 1 | AW35: 0.1813303 | AZ35: 1 | BA35: 1 | BB35: 1 | BC35: 0.63872803 | BD35: 0.2513423 | BG35: 0.28950804 | BH35: 1 | BI35: 0.24681595 | BJ35: 0.63872803 | BK35: 0.57425315 | BN35: 0.21698808 | BO35: 1 | BP35: 1 | BQ35: 1 | BR35: 0.6266221 | BU35: 0.52479158 | BV35: 0.44355618 | BW35: 0.22003998 | BX35: 1 | BY35: 0.27808602
C36: 0.36530535 | D36: 0.2513423 | E36: 0.59604971 | F36: 1 | G36: 0.40699939 | J36: 0.52614402 | K36: 1 | L36: 0.279725 | M36: 1 | N36: 0.45467298 | Q36: 0 | R36: 0.36530535 | S36: 0.2513423 | T36: 0.59604971 | U36: 1 | X36: 0 | Y36: 0 | Z36: 0 | AA36: 0 | AB36: 0 | AE36: 0.40699939 | AF36: 0.28950804 | AG36: 0.6266221 | AH36: 0.1813303 | AI36: 0.52614402 | AL36: 0.2513423 | AM36: 0.59604971 | AN36: 1 | AO36: 0.40699939 | AP36: 0 | AS36: 0.45467298 | AT36: 1 | AU36: 0.279725 | AV36: 1 | AW36: 0.52614402 | AZ36: 0.45467298 | BA36: 0.61460711 | BB36: 0.21698808 | BC36: 0.57425315 | BD36: 0.36530535 | BG36: 0.40699939 | BH36: 1 | BI36: 0.59604971 | BJ36: 0.2513423 | BK36: 0.36530535 | BN36: 0.57425315 | BO36: 0.63872803 | BP36: 0.24681595 | BQ36: 1 | BR36: 0.28950804 | BU36: 0.29681435 | BV36: 0.078937426 | BW36: 0.78226443 | BX36: 0.90046308 | BY36: 0.24334154
B38: 5 | C38: Original | J38: {=INDEX(Helper!$E$13:$E$22, OFFSET(Helper!$J$13,$B38,J$2))} -> Shift Down | Q38: {=INDEX(Helper!$E$13:$E$22, OFFSET(Helper!$J$13,$B38,Q$2))} -> Vertical Flip | X38: {=INDEX(Helper!$E$13:$E$22, OFFSET(Helper!$J$13,$B38,X$2))} -> 90 CCW | AE38: {=INDEX(Helper!$E$13:$E$22, OFFSET(Helper!$J$13,$B38,AE$2))} -> Noise | AL38: {=INDEX(Helper!$E$13:$E$22, OFFSET(Helper!$J$13,$B38,AL$2))} -> Horizontal Flip | AS38: {=INDEX(Helper!$E$13:$E$22, OFFSET(Helper!$J$13,$B38,AS$2))} -> 180 Rotation | AZ38: {=INDEX(Helper!$E$13:$E$22, OFFSET(Helper!$J$13,$B38,AZ$2))} -> Shift Left | BG38: {=INDEX(Helper!$E$13:$E$22, OFFSET(Helper!$J$13,$B38,BG$2))} -> Shift Up | BN38: {=INDEX(Helper!$E$13:$E$22, OFFSET(Helper!$J$13,$B38,BN$2))} -> 90 CW | BU38: {=INDEX(Helper!$E$13:$E$22, OFFSET(Helper!$J$13,$B38,BU$2))} -> Shift Right
C39: 0.60426403 | D39: 1 | E39: 1 | F39: 1 | G39: 0.23057421 | J39: {=_xlfn.IFS(J38="None", $C39:$G43*0, J38="Horizontal Flip", INDEX($C39:$G43, _xlfn.SEQUENCE(5), 6 - _xlfn.SEQUENCE(1,5)), J38="Vertical Flip", INDEX($C39:$G43, 6 - _xlfn.SEQUENCE(5), _xlfn.SEQUENCE(1,5)), J38="180 Rotation", INDEX($C39:$G43, 6 - _xlfn.SEQUENCE(5), 6 - _xlfn.SEQUENCE(1,5)), J38="90 CW", INDEX($C39:$G43, 6 - _xlfn.SEQUENCE(1,5), _xlfn.SEQUENCE(5)), J38="90 CCW", INDEX($C39:$G43, _xlfn.SEQUENCE(1,5), 6 - _xlfn.SEQUENCE(5)), J38="Shift Up", IF(_xlfn.SEQUENCE(5)+1<=5, INDEX($C39:$G43, _xlfn.SEQUENCE(5)+1, _xlfn.SEQUENCE(1,5)), 0), J38="Shift Down", IF(_xlfn.SEQUENCE(5)-1>=1, INDEX($C39:$G43, _xlfn.SEQUENCE(5)-1, _xlfn.SEQUENCE(1,5)), 0), J38="Shift Left", IF(_xlfn.SEQUENCE(1,5)+1<=5, INDEX($C39:$G43, _xlfn.SEQUENCE(5), _xlfn.SEQUENCE(1,5)+1),0), J38= "Shift Right", IF(_xlfn.SEQUENCE(1,5)-1>=1, INDEX($C39:$G43, _xlfn.SEQUENCE(5), _xlfn.SEQUENCE(1,5)-1), 0), J38="Noise", _xlfn.MAP($C39:$G43 + (_xlfn.RANDARRAY(ROWS($C39:$G43), COLUMNS($C39:$G43)) - 0.5) * 0.4, _xlfn.LAMBDA(_xlpm.x, MAX(0, MIN(1, _xlpm.x)))))} -> 0 | K39: 0 | L39: 0 | M39: 0 | N39: 0 | Q39: {=_xlfn.IFS(Q38="None", $C39:$G43*0, Q38="Horizontal Flip", INDEX($C39:$G43, _xlfn.SEQUENCE(5), 6 - _xlfn.SEQUENCE(1,5)), Q38="Vertical Flip", INDEX($C39:$G43, 6 - _xlfn.SEQUENCE(5), _xlfn.SEQUENCE(1,5)), Q38="180 Rotation", INDEX($C39:$G43, 6 - _xlfn.SEQUENCE(5), 6 - _xlfn.SEQUENCE(1,5)), Q38="90 CW", INDEX($C39:$G43, 6 - _xlfn.SEQUENCE(1,5), _xlfn.SEQUENCE(5)), Q38="90 CCW", INDEX($C39:$G43, _xlfn.SEQUENCE(1,5), 6 - _xlfn.SEQUENCE(5)), Q38="Shift Up", IF(_xlfn.SEQUENCE(5)+1<=5, INDEX($C39:$G43, _xlfn.SEQUENCE(5)+1, _xlfn.SEQUENCE(1,5)), 0), Q38="Shift Down", IF(_xlfn.SEQUENCE(5)-1>=1, INDEX($C39:$G43, _xlfn.SEQUENCE(5)-1, _xlfn.SEQUENCE(1,5)), 0), Q38="Shift Left", IF(_xlfn.SEQUENCE(1,5)+1<=5, INDEX($C39:$G43, _xlfn.SEQUENCE(5), _xlfn.SEQUENCE(1,5)+1),0), Q38= "Shift Right", IF(_xlfn.SEQUENCE(1,5)-1>=1, INDEX($C39:$G43, _xlfn.SEQUENCE(5), _xlfn.SEQUENCE(1,5)-1), 0), Q38="Noise", _xlfn.MAP($C39:$G43 + (_xlfn.RANDARRAY(ROWS($C39:$G43), COLUMNS($C39:$G43)) - 0.5) * 0.4, _xlfn.LAMBDA(_xlpm.x, MAX(0, MIN(1, _xlpm.x)))))} -> 0.52047149 | R39: 1 | S39: 1 | T39: 1 | U39: 0.45070921 | X39: {=_xlfn.IFS(X38="None", $C39:$G43*0, X38="Horizontal Flip", INDEX($C39:$G43, _xlfn.SEQUENCE(5), 6 - _xlfn.SEQUENCE(1,5)), X38="Vertical Flip", INDEX($C39:$G43, 6 - _xlfn.SEQUENCE(5), _xlfn.SEQUENCE(1,5)), X38="180 Rotation", INDEX($C39:$G43, 6 - _xlfn.SEQUENCE(5), 6 - _xlfn.SEQUENCE(1,5)), X38="90 CW", INDEX($C39:$G43, 6 - _xlfn.SEQUENCE(1,5), _xlfn.SEQUENCE(5)), X38="90 CCW", INDEX($C39:$G43, _xlfn.SEQUENCE(1,5), 6 - _xlfn.SEQUENCE(5)), X38="Shift Up", IF(_xlfn.SEQUENCE(5)+1<=5, INDEX($C39:$G43, _xlfn.SEQUENCE(5)+1, _xlfn.SEQUENCE(1,5)), 0), X38="Shift Down", IF(_xlfn.SEQUENCE(5)-1>=1, INDEX($C39:$G43, _xlfn.SEQUENCE(5)-1, _xlfn.SEQUENCE(1,5)), 0), X38="Shift Left", IF(_xlfn.SEQUENCE(1,5)+1<=5, INDEX($C39:$G43, _xlfn.SEQUENCE(5), _xlfn.SEQUENCE(1,5)+1),0), X38= "Shift Right", IF(_xlfn.SEQUENCE(1,5)-1>=1, INDEX($C39:$G43, _xlfn.SEQUENCE(5), _xlfn.SEQUENCE(1,5)-1), 0), X38="Noise", _xlfn.MAP($C39:$G43 + (_xlfn.RANDARRAY(ROWS($C39:$G43), COLUMNS($C39:$G43)) - 0.5) * 0.4, _xlfn.LAMBDA(_xlpm.x, MAX(0, MIN(1, _xlpm.x)))))} -> 0.23057421 | Y39: 0.51323825 | Z39: 0.36518621 | AA39: 0.4383347 | AB39: 0.45070921 | AE39: {=_xlfn.IFS(AE38="None", $C39:$G43*0, AE38="Horizontal Flip", INDEX($C39:$G43, _xlfn.SEQUENCE(5), 6 - _xlfn.SEQUENCE(1,5)), AE38="Vertical Flip", INDEX($C39:$G43, 6 - _xlfn.SEQUENCE(5), _xlfn.SEQUENCE(1,5)), AE38="180 Rotation", INDEX($C39:$G43, 6 - _xlfn.SEQUENCE(5), 6 - _xlfn.SEQUENCE(1,5)), AE38="90 CW", INDEX($C39:$G43, 6 - _xlfn.SEQUENCE(1,5), _xlfn.SEQUENCE(5)), AE38="90 CCW", INDEX($C39:$G43, _xlfn.SEQUENCE(1,5), 6 - _xlfn.SEQUENCE(5)), AE38="Shift Up", IF(_xlfn.SEQUENCE(5)+1<=5, INDEX($C39:$G43, _xlfn.SEQUENCE(5)+1, _xlfn.SEQUENCE(1,5)), 0), AE38="Shift Down", IF(_xlfn.SEQUENCE(5)-1>=1, INDEX($C39:$G43, _xlfn.SEQUENCE(5)-1, _xlfn.SEQUENCE(1,5)), 0), AE38="Shift Left", IF(_xlfn.SEQUENCE(1,5)+1<=5, INDEX($C39:$G43, _xlfn.SEQUENCE(5), _xlfn.SEQUENCE(1,5)+1),0), AE38= "Shift Right", IF(_xlfn.SEQUENCE(1,5)-1>=1, INDEX($C39:$G43, _xlfn.SEQUENCE(5), _xlfn.SEQUENCE(1,5)-1), 0), AE38="Noise", _xlfn.MAP($C39:$G43 + (_xlfn.RANDARRAY(ROWS($C39:$G43), COLUMNS($C39:$G43)) - 0.5) * 0.4, _xlfn.LAMBDA(_xlpm.x, MAX(0, MIN(1, _xlpm.x)))))} -> 0.53704923 | AF39: 1 | AG39: 1 | AH39: 0.88155073 | AI39: 0.31014801 | AL39: {=_xlfn.IFS(AL38="None", $C39:$G43*0, AL38="Horizontal Flip", INDEX($C39:$G43, _xlfn.SEQUENCE(5), 6 - _xlfn.SEQUENCE(1,5)), AL38="Vertical Flip", INDEX($C39:$G43, 6 - _xlfn.SEQUENCE(5), _xlfn.SEQUENCE(1,5)), AL38="180 Rotation", INDEX($C39:$G43, 6 - _xlfn.SEQUENCE(5), 6 - _xlfn.SEQUENCE(1,5)), AL38="90 CW", INDEX($C39:$G43, 6 - _xlfn.SEQUENCE(1,5), _xlfn.SEQUENCE(5)), AL38="90 CCW", INDEX($C39:$G43, _xlfn.SEQUENCE(1,5), 6 - _xlfn.SEQUENCE(5)), AL38="Shift Up", IF(_xlfn.SEQUENCE(5)+1<=5, INDEX($C39:$G43, _xlfn.SEQUENCE(5)+1, _xlfn.SEQUENCE(1,5)), 0), AL38="Shift Down", IF(_xlfn.SEQUENCE(5)-1>=1, INDEX($C39:$G43, _xlfn.SEQUENCE(5)-1, _xlfn.SEQUENCE(1,5)), 0), AL38="Shift Left", IF(_xlfn.SEQUENCE(1,5)+1<=5, INDEX($C39:$G43, _xlfn.SEQUENCE(5), _xlfn.SEQUENCE(1,5)+1),0), AL38= "Shift Right", IF(_xlfn.SEQUENCE(1,5)-1>=1, INDEX($C39:$G43, _xlfn.SEQUENCE(5), _xlfn.SEQUENCE(1,5)-1), 0), AL38="Noise", _xlfn.MAP($C39:$G43 + (_xlfn.RANDARRAY(ROWS($C39:$G43), COLUMNS($C39:$G43)) - 0.5) * 0.4, _xlfn.LAMBDA(_xlpm.x, MAX(0, MIN(1, _xlpm.x)))))} -> 0.23057421 | AM39: 1 | AN39: 1 | AO39: 1 | AP39: 0.60426403 | AS39: {=_xlfn.IFS(AS38="None", $C39:$G43*0, AS38="Horizontal Flip", INDEX($C39:$G43, _xlfn.SEQUENCE(5), 6 - _xlfn.SEQUENCE(1,5)), AS38="Vertical Flip", INDEX($C39:$G43, 6 - _xlfn.SEQUENCE(5), _xlfn.SEQUENCE(1,5)), AS38="180 Rotation", INDEX($C39:$G43, 6 - _xlfn.SEQUENCE(5), 6 - _xlfn.SEQUENCE(1,5)), AS38="90 CW", INDEX($C39:$G43, 6 - _xlfn.SEQUENCE(1,5), _xlfn.SEQUENCE(5)), AS38="90 CCW", INDEX($C39:$G43, _xlfn.SEQUENCE(1,5), 6 - _xlfn.SEQUENCE(5)), AS38="Shift Up", IF(_xlfn.SEQUENCE(5)+1<=5, INDEX($C39:$G43, _xlfn.SEQUENCE(5)+1, _xlfn.SEQUENCE(1,5)), 0), AS38="Shift Down", IF(_xlfn.SEQUENCE(5)-1>=1, INDEX($C39:$G43, _xlfn.SEQUENCE(5)-1, _xlfn.SEQUENCE(1,5)), 0), AS38="Shift Left", IF(_xlfn.SEQUENCE(1,5)+1<=5, INDEX($C39:$G43, _xlfn.SEQUENCE(5), _xlfn.SEQUENCE(1,5)+1),0), AS38= "Shift Right", IF(_xlfn.SEQUENCE(1,5)-1>=1, INDEX($C39:$G43, _xlfn.SEQUENCE(5), _xlfn.SEQUENCE(1,5)-1), 0), AS38="Noise", _xlfn.MAP($C39:$G43 + (_xlfn.RANDARRAY(ROWS($C39:$G43), COLUMNS($C39:$G43)) - 0.5) * 0.4, _xlfn.LAMBDA(_xlpm.x, MAX(0, MIN(1, _xlpm.x)))))} -> 0.45070921 | AT39: 1 | AU39: 1 | AV39: 1 | AW39: 0.52047149 | AZ39: {=_xlfn.IFS(AZ38="None", $C39:$G43*0, AZ38="Horizontal Flip", INDEX($C39:$G43, _xlfn.SEQUENCE(5), 6 - _xlfn.SEQUENCE(1,5)), AZ38="Vertical Flip", INDEX($C39:$G43, 6 - _xlfn.SEQUENCE(5), _xlfn.SEQUENCE(1,5)), AZ38="180 Rotation", INDEX($C39:$G43, 6 - _xlfn.SEQUENCE(5), 6 - _xlfn.SEQUENCE(1,5)), AZ38="90 CW", INDEX($C39:$G43, 6 - _xlfn.SEQUENCE(1,5), _xlfn.SEQUENCE(5)), AZ38="90 CCW", INDEX($C39:$G43, _xlfn.SEQUENCE(1,5), 6 - _xlfn.SEQUENCE(5)), AZ38="Shift Up", IF(_xlfn.SEQUENCE(5)+1<=5, INDEX($C39:$G43, _xlfn.SEQUENCE(5)+1, _xlfn.SEQUENCE(1,5)), 0), AZ38="Shift Down", IF(_xlfn.SEQUENCE(5)-1>=1, INDEX($C39:$G43, _xlfn.SEQUENCE(5)-1, _xlfn.SEQUENCE(1,5)), 0), AZ38="Shift Left", IF(_xlfn.SEQUENCE(1,5)+1<=5, INDEX($C39:$G43, _xlfn.SEQUENCE(5), _xlfn.SEQUENCE(1,5)+1),0), AZ38= "Shift Right", IF(_xlfn.SEQUENCE(1,5)-1>=1, INDEX($C39:$G43, _xlfn.SEQUENCE(5), _xlfn.SEQUENCE(1,5)-1), 0), AZ38="Noise", _xlfn.MAP($C39:$G43 + (_xlfn.RANDARRAY(ROWS($C39:$G43), COLUMNS($C39:$G43)) - 0.5) * 0.4, _xlfn.LAMBDA(_xlpm.x, MAX(0, MIN(1, _xlpm.x)))))} -> 1 | BA39: 1 | BB39: 1 | BC39: 0.23057421 | BD39: 0 | BG39: {=_xlfn.IFS(BG38="None", $C39:$G43*0, BG38="Horizontal Flip", INDEX($C39:$G43, _xlfn.SEQUENCE(5), 6 - _xlfn.SEQUENCE(1,5)), BG38="Vertical Flip", INDEX($C39:$G43, 6 - _xlfn.SEQUENCE(5), _xlfn.SEQUENCE(1,5)), BG38="180 Rotation", INDEX($C39:$G43, 6 - _xlfn.SEQUENCE(5), 6 - _xlfn.SEQUENCE(1,5)), BG38="90 CW", INDEX($C39:$G43, 6 - _xlfn.SEQUENCE(1,5), _xlfn.SEQUENCE(5)), BG38="90 CCW", INDEX($C39:$G43, _xlfn.SEQUENCE(1,5), 6 - _xlfn.SEQUENCE(5)), BG38="Shift Up", IF(_xlfn.SEQUENCE(5)+1<=5, INDEX($C39:$G43, _xlfn.SEQUENCE(5)+1, _xlfn.SEQUENCE(1,5)), 0), BG38="Shift Down", IF(_xlfn.SEQUENCE(5)-1>=1, INDEX($C39:$G43, _xlfn.SEQUENCE(5)-1, _xlfn.SEQUENCE(1,5)), 0), BG38="Shift Left", IF(_xlfn.SEQUENCE(1,5)+1<=5, INDEX($C39:$G43, _xlfn.SEQUENCE(5), _xlfn.SEQUENCE(1,5)+1),0), BG38= "Shift Right", IF(_xlfn.SEQUENCE(1,5)-1>=1, INDEX($C39:$G43, _xlfn.SEQUENCE(5), _xlfn.SEQUENCE(1,5)-1), 0), BG38="Noise", _xlfn.MAP($C39:$G43 + (_xlfn.RANDARRAY(ROWS($C39:$G43), COLUMNS($C39:$G43)) - 0.5) * 0.4, _xlfn.LAMBDA(_xlpm.x, MAX(0, MIN(1, _xlpm.x)))))} -> 0.15814065 | BH39: 1 | BI39: 0.19063535 | BJ39: 0.34958417 | BK39: 0.51323825 | BN39: {=_xlfn.IFS(BN38="None", $C39:$G43*0, BN38="Horizontal Flip", INDEX($C39:$G43, _xlfn.SEQUENCE(5), 6 - _xlfn.SEQUENCE(1,5)), BN38="Vertical Flip", INDEX($C39:$G43, 6 - _xlfn.SEQUENCE(5), _xlfn.SEQUENCE(1,5)), BN38="180 Rotation", INDEX($C39:$G43, 6 - _xlfn.SEQUENCE(5), 6 - _xlfn.SEQUENCE(1,5)), BN38="90 CW", INDEX($C39:$G43, 6 - _xlfn.SEQUENCE(1,5), _xlfn.SEQUENCE(5)), BN38="90 CCW", INDEX($C39:$G43, _xlfn.SEQUENCE(1,5), 6 - _xlfn.SEQUENCE(5)), BN38="Shift Up", IF(_xlfn.SEQUENCE(5)+1<=5, INDEX($C39:$G43, _xlfn.SEQUENCE(5)+1, _xlfn.SEQUENCE(1,5)), 0), BN38="Shift Down", IF(_xlfn.SEQUENCE(5)-1>=1, INDEX($C39:$G43, _xlfn.SEQUENCE(5)-1, _xlfn.SEQUENCE(1,5)), 0), BN38="Shift Left", IF(_xlfn.SEQUENCE(1,5)+1<=5, INDEX($C39:$G43, _xlfn.SEQUENCE(5), _xlfn.SEQUENCE(1,5)+1),0), BN38= "Shift Right", IF(_xlfn.SEQUENCE(1,5)-1>=1, INDEX($C39:$G43, _xlfn.SEQUENCE(5), _xlfn.SEQUENCE(1,5)-1), 0), BN38="Noise", _xlfn.MAP($C39:$G43 + (_xlfn.RANDARRAY(ROWS($C39:$G43), COLUMNS($C39:$G43)) - 0.5) * 0.4, _xlfn.LAMBDA(_xlpm.x, MAX(0, MIN(1, _xlpm.x)))))} -> 0.52047149 | BO39: 0.54181176 | BP39: 0.26963243 | BQ39: 0.15814065 | BR39: 0.60426403 | BU39: {=_xlfn.IFS(BU38="None", $C39:$G43*0, BU38="Horizontal Flip", INDEX($C39:$G43, _xlfn.SEQUENCE(5), 6 - _xlfn.SEQUENCE(1,5)), BU38="Vertical Flip", INDEX($C39:$G43, 6 - _xlfn.SEQUENCE(5), _xlfn.SEQUENCE(1,5)), BU38="180 Rotation", INDEX($C39:$G43, 6 - _xlfn.SEQUENCE(5), 6 - _xlfn.SEQUENCE(1,5)), BU38="90 CW", INDEX($C39:$G43, 6 - _xlfn.SEQUENCE(1,5), _xlfn.SEQUENCE(5)), BU38="90 CCW", INDEX($C39:$G43, _xlfn.SEQUENCE(1,5), 6 - _xlfn.SEQUENCE(5)), BU38="Shift Up", IF(_xlfn.SEQUENCE(5)+1<=5, INDEX($C39:$G43, _xlfn.SEQUENCE(5)+1, _xlfn.SEQUENCE(1,5)), 0), BU38="Shift Down", IF(_xlfn.SEQUENCE(5)-1>=1, INDEX($C39:$G43, _xlfn.SEQUENCE(5)-1, _xlfn.SEQUENCE(1,5)), 0), BU38="Shift Left", IF(_xlfn.SEQUENCE(1,5)+1<=5, INDEX($C39:$G43, _xlfn.SEQUENCE(5), _xlfn.SEQUENCE(1,5)+1),0), BU38= "Shift Right", IF(_xlfn.SEQUENCE(1,5)-1>=1, INDEX($C39:$G43, _xlfn.SEQUENCE(5), _xlfn.SEQUENCE(1,5)-1), 0), BU38="Noise", _xlfn.MAP($C39:$G43 + (_xlfn.RANDARRAY(ROWS($C39:$G43), COLUMNS($C39:$G43)) - 0.5) * 0.4, _xlfn.LAMBDA(_xlpm.x, MAX(0, MIN(1, _xlpm.x)))))} -> 0 | BV39: 0.60426403 | BW39: 1 | BX39: 1 | BY39: 1
C40: 0.15814065 | D40: 1 | E40: 0.19063535 | F40: 0.34958417 | G40: 0.51323825 | J40: 0.60426403 | K40: 1 | L40: 1 | M40: 1 | N40: 0.23057421 | Q40: 0.54181176 | R40: 0.51168129 | S40: 0.2939152 | T40: 1 | U40: 0.4383347 | X40: 1 | Y40: 0.34958417 | Z40: 1 | AA40: 1 | AB40: 1 | AE40: 0.070574389 | AF40: 0.93960886 | AG40: 0.35120625 | AH40: 0.42692979 | AI40: 0.5402571 | AL40: 0.51323825 | AM40: 0.34958417 | AN40: 0.19063535 | AO40: 1 | AP40: 0.15814065 | AS40: 0.4383347 | AT40: 1 | AU40: 0.2939152 | AV40: 0.51168129 | AW40: 0.54181176 | AZ40: 1 | BA40: 0.19063535 | BB40: 0.34958417 | BC40: 0.51323825 | BD40: 0 | BG40: 0.26963243 | BH40: 1 | BI40: 1 | BJ40: 1 | BK40: 0.36518621 | BN40: 1 | BO40: 0.51168129 | BP40: 1 | BQ40: 1 | BR40: 1 | BU40: 0 | BV40: 0.15814065 | BW40: 1 | BX40: 0.19063535 | BY40: 0.34958417
C41: 0.26963243 | D41: 1 | E41: 1 | F41: 1 | G41: 0.36518621 | J41: 0.15814065 | K41: 1 | L41: 0.19063535 | M41: 0.34958417 | N41: 0.51323825 | Q41: 0.26963243 | R41: 1 | S41: 1 | T41: 1 | U41: 0.36518621 | X41: 1 | Y41: 0.19063535 | Z41: 1 | AA41: 0.2939152 | AB41: 1 | AE41: 0.11857265 | AF41: 1 | AG41: 1 | AH41: 0.99199631 | AI41: 0.54425924 | AL41: 0.36518621 | AM41: 1 | AN41: 1 | AO41: 1 | AP41: 0.26963243 | AS41: 0.36518621 | AT41: 1 | AU41: 1 | AV41: 1 | AW41: 0.26963243 | AZ41: 1 | BA41: 1 | BB41: 1 | BC41: 0.36518621 | BD41: 0 | BG41: 0.54181176 | BH41: 0.51168129 | BI41: 0.2939152 | BJ41: 1 | BK41: 0.4383347 | BN41: 1 | BO41: 0.2939152 | BP41: 1 | BQ41: 0.19063535 | BR41: 1 | BU41: 0 | BV41: 0.26963243 | BW41: 1 | BX41: 1 | BY41: 1
C42: 0.54181176 | D42: 0.51168129 | E42: 0.2939152 | F42: 1 | G42: 0.4383347 | J42: 0.26963243 | K42: 1 | L42: 1 | M42: 1 | N42: 0.36518621 | Q42: 0.15814065 | R42: 1 | S42: 0.19063535 | T42: 0.34958417 | U42: 0.51323825 | X42: 1 | Y42: 1 | Z42: 1 | AA42: 0.51168129 | AB42: 1 | AE42: 0.66978989 | AF42: 0.33381035 | AG42: 0.4249748 | AH42: 0.94551333 | AI42: 0.27735462 | AL42: 0.4383347 | AM42: 1 | AN42: 0.2939152 | AO42: 0.51168129 | AP42: 0.54181176 | AS42: 0.51323825 | AT42: 0.34958417 | AU42: 0.19063535 | AV42: 1 | AW42: 0.15814065 | AZ42: 0.51168129 | BA42: 0.2939152 | BB42: 1 | BC42: 0.4383347 | BD42: 0 | BG42: 0.52047149 | BH42: 1 | BI42: 1 | BJ42: 1 | BK42: 0.45070921 | BN42: 1 | BO42: 1 | BP42: 1 | BQ42: 0.34958417 | BR42: 1 | BU42: 0 | BV42: 0.54181176 | BW42: 0.51168129 | BX42: 0.2939152 | BY42: 1
C43: 0.52047149 | D43: 1 | E43: 1 | F43: 1 | G43: 0.45070921 | J43: 0.54181176 | K43: 0.51168129 | L43: 0.2939152 | M43: 1 | N43: 0.4383347 | Q43: 0.60426403 | R43: 1 | S43: 1 | T43: 1 | U43: 0.23057421 | X43: 0.60426403 | Y43: 0.15814065 | Z43: 0.26963243 | AA43: 0.54181176 | AB43: 0.52047149 | AE43: 0.52093136 | AF43: 0.91033355 | AG43: 1 | AH43: 0.82180463 | AI43: 0.57136765 | AL43: 0.45070921 | AM43: 1 | AN43: 1 | AO43: 1 | AP43: 0.52047149 | AS43: 0.23057421 | AT43: 1 | AU43: 1 | AV43: 1 | AW43: 0.60426403 | AZ43: 1 | BA43: 1 | BB43: 1 | BC43: 0.45070921 | BD43: 0 | BG43: 0 | BH43: 0 | BI43: 0 | BJ43: 0 | BK43: 0 | BN43: 0.45070921 | BO43: 0.4383347 | BP43: 0.36518621 | BQ43: 0.51323825 | BR43: 0.23057421 | BU43: 0 | BV43: 0.52047149 | BW43: 1 | BX43: 1 | BY43: 1
B45: 6 | C45: Original | J45: {=INDEX(Helper!$E$13:$E$22, OFFSET(Helper!$J$13,$B45,J$2))} -> Shift Down | Q45: {=INDEX(Helper!$E$13:$E$22, OFFSET(Helper!$J$13,$B45,Q$2))} -> Noise | X45: {=INDEX(Helper!$E$13:$E$22, OFFSET(Helper!$J$13,$B45,X$2))} -> Shift Up | AE45: {=INDEX(Helper!$E$13:$E$22, OFFSET(Helper!$J$13,$B45,AE$2))} -> 90 CCW | AL45: {=INDEX(Helper!$E$13:$E$22, OFFSET(Helper!$J$13,$B45,AL$2))} -> 90 CW | AS45: {=INDEX(Helper!$E$13:$E$22, OFFSET(Helper!$J$13,$B45,AS$2))} -> Shift Right | AZ45: {=INDEX(Helper!$E$13:$E$22, OFFSET(Helper!$J$13,$B45,AZ$2))} -> Shift Left | BG45: {=INDEX(Helper!$E$13:$E$22, OFFSET(Helper!$J$13,$B45,BG$2))} -> Horizontal Flip | BN45: {=INDEX(Helper!$E$13:$E$22, OFFSET(Helper!$J$13,$B45,BN$2))} -> Vertical Flip | BU45: {=INDEX(Helper!$E$13:$E$22, OFFSET(Helper!$J$13,$B45,BU$2))} -> 180 Rotation
C46: 0.27958189 | D46: 1 | E46: 1 | F46: 1 | G46: 0.27526417 | J46: {=_xlfn.IFS(J45="None", $C46:$G50*0, J45="Horizontal Flip", INDEX($C46:$G50, _xlfn.SEQUENCE(5), 6 - _xlfn.SEQUENCE(1,5)), J45="Vertical Flip", INDEX($C46:$G50, 6 - _xlfn.SEQUENCE(5), _xlfn.SEQUENCE(1,5)), J45="180 Rotation", INDEX($C46:$G50, 6 - _xlfn.SEQUENCE(5), 6 - _xlfn.SEQUENCE(1,5)), J45="90 CW", INDEX($C46:$G50, 6 - _xlfn.SEQUENCE(1,5), _xlfn.SEQUENCE(5)), J45="90 CCW", INDEX($C46:$G50, _xlfn.SEQUENCE(1,5), 6 - _xlfn.SEQUENCE(5)), J45="Shift Up", IF(_xlfn.SEQUENCE(5)+1<=5, INDEX($C46:$G50, _xlfn.SEQUENCE(5)+1, _xlfn.SEQUENCE(1,5)), 0), J45="Shift Down", IF(_xlfn.SEQUENCE(5)-1>=1, INDEX($C46:$G50, _xlfn.SEQUENCE(5)-1, _xlfn.SEQUENCE(1,5)), 0), J45="Shift Left", IF(_xlfn.SEQUENCE(1,5)+1<=5, INDEX($C46:$G50, _xlfn.SEQUENCE(5), _xlfn.SEQUENCE(1,5)+1),0), J45= "Shift Right", IF(_xlfn.SEQUENCE(1,5)-1>=1, INDEX($C46:$G50, _xlfn.SEQUENCE(5), _xlfn.SEQUENCE(1,5)-1), 0), J45="Noise", _xlfn.MAP($C46:$G50 + (_xlfn.RANDARRAY(ROWS($C46:$G50), COLUMNS($C46:$G50)) - 0.5) * 0.4, _xlfn.LAMBDA(_xlpm.x, MAX(0, MIN(1, _xlpm.x)))))} -> 0 | K46: 0 | L46: 0 | M46: 0 | N46: 0 | Q46: {=_xlfn.IFS(Q45="None", $C46:$G50*0, Q45="Horizontal Flip", INDEX($C46:$G50, _xlfn.SEQUENCE(5), 6 - _xlfn.SEQUENCE(1,5)), Q45="Vertical Flip", INDEX($C46:$G50, 6 - _xlfn.SEQUENCE(5), _xlfn.SEQUENCE(1,5)), Q45="180 Rotation", INDEX($C46:$G50, 6 - _xlfn.SEQUENCE(5), 6 - _xlfn.SEQUENCE(1,5)), Q45="90 CW", INDEX($C46:$G50, 6 - _xlfn.SEQUENCE(1,5), _xlfn.SEQUENCE(5)), Q45="90 CCW", INDEX($C46:$G50, _xlfn.SEQUENCE(1,5), 6 - _xlfn.SEQUENCE(5)), Q45="Shift Up", IF(_xlfn.SEQUENCE(5)+1<=5, INDEX($C46:$G50, _xlfn.SEQUENCE(5)+1, _xlfn.SEQUENCE(1,5)), 0), Q45="Shift Down", IF(_xlfn.SEQUENCE(5)-1>=1, INDEX($C46:$G50, _xlfn.SEQUENCE(5)-1, _xlfn.SEQUENCE(1,5)), 0), Q45="Shift Left", IF(_xlfn.SEQUENCE(1,5)+1<=5, INDEX($C46:$G50, _xlfn.SEQUENCE(5), _xlfn.SEQUENCE(1,5)+1),0), Q45= "Shift Right", IF(_xlfn.SEQUENCE(1,5)-1>=1, INDEX($C46:$G50, _xlfn.SEQUENCE(5), _xlfn.SEQUENCE(1,5)-1), 0), Q45="Noise", _xlfn.MAP($C46:$G50 + (_xlfn.RANDARRAY(ROWS($C46:$G50), COLUMNS($C46:$G50)) - 0.5) * 0.4, _xlfn.LAMBDA(_xlpm.x, MAX(0, MIN(1, _xlpm.x)))))} -> 0.18644522 | R46: 0.90830907 | S46: 0.94572988 | T46: 1 | U46: 0.38570922 | X46: {=_xlfn.IFS(X45="None", $C46:$G50*0, X45="Horizontal Flip", INDEX($C46:$G50, _xlfn.SEQUENCE(5), 6 - _xlfn.SEQUENCE(1,5)), X45="Vertical Flip", INDEX($C46:$G50, 6 - _xlfn.SEQUENCE(5), _xlfn.SEQUENCE(1,5)), X45="180 Rotation", INDEX($C46:$G50, 6 - _xlfn.SEQUENCE(5), 6 - _xlfn.SEQUENCE(1,5)), X45="90 CW", INDEX($C46:$G50, 6 - _xlfn.SEQUENCE(1,5), _xlfn.SEQUENCE(5)), X45="90 CCW", INDEX($C46:$G50, _xlfn.SEQUENCE(1,5), 6 - _xlfn.SEQUENCE(5)), X45="Shift Up", IF(_xlfn.SEQUENCE(5)+1<=5, INDEX($C46:$G50, _xlfn.SEQUENCE(5)+1, _xlfn.SEQUENCE(1,5)), 0), X45="Shift Down", IF(_xlfn.SEQUENCE(5)-1>=1, INDEX($C46:$G50, _xlfn.SEQUENCE(5)-1, _xlfn.SEQUENCE(1,5)), 0), X45="Shift Left", IF(_xlfn.SEQUENCE(1,5)+1<=5, INDEX($C46:$G50, _xlfn.SEQUENCE(5), _xlfn.SEQUENCE(1,5)+1),0), X45= "Shift Right", IF(_xlfn.SEQUENCE(1,5)-1>=1, INDEX($C46:$G50, _xlfn.SEQUENCE(5), _xlfn.SEQUENCE(1,5)-1), 0), X45="Noise", _xlfn.MAP($C46:$G50 + (_xlfn.RANDARRAY(ROWS($C46:$G50), COLUMNS($C46:$G50)) - 0.5) * 0.4, _xlfn.LAMBDA(_xlpm.x, MAX(0, MIN(1, _xlpm.x)))))} -> 0.30234758 | Y46: 1 | Z46: 0.17677269 | AA46: 0.61378201 | AB46: 0.64463313 | AE46: {=_xlfn.IFS(AE45="None", $C46:$G50*0, AE45="Horizontal Flip", INDEX($C46:$G50, _xlfn.SEQUENCE(5), 6 - _xlfn.SEQUENCE(1,5)), AE45="Vertical Flip", INDEX($C46:$G50, 6 - _xlfn.SEQUENCE(5), _xlfn.SEQUENCE(1,5)), AE45="180 Rotation", INDEX($C46:$G50, 6 - _xlfn.SEQUENCE(5), 6 - _xlfn.SEQUENCE(1,5)), AE45="90 CW", INDEX($C46:$G50, 6 - _xlfn.SEQUENCE(1,5), _xlfn.SEQUENCE(5)), AE45="90 CCW", INDEX($C46:$G50, _xlfn.SEQUENCE(1,5), 6 - _xlfn.SEQUENCE(5)), AE45="Shift Up", IF(_xlfn.SEQUENCE(5)+1<=5, INDEX($C46:$G50, _xlfn.SEQUENCE(5)+1, _xlfn.SEQUENCE(1,5)), 0), AE45="Shift Down", IF(_xlfn.SEQUENCE(5)-1>=1, INDEX($C46:$G50, _xlfn.SEQUENCE(5)-1, _xlfn.SEQUENCE(1,5)), 0), AE45="Shift Left", IF(_xlfn.SEQUENCE(1,5)+1<=5, INDEX($C46:$G50, _xlfn.SEQUENCE(5), _xlfn.SEQUENCE(1,5)+1),0), AE45= "Shift Right", IF(_xlfn.SEQUENCE(1,5)-1>=1, INDEX($C46:$G50, _xlfn.SEQUENCE(5), _xlfn.SEQUENCE(1,5)-1), 0), AE45="Noise", _xlfn.MAP($C46:$G50 + (_xlfn.RANDARRAY(ROWS($C46:$G50), COLUMNS($C46:$G50)) - 0.5) * 0.4, _xlfn.LAMBDA(_xlpm.x, MAX(0, MIN(1, _xlpm.x)))))} -> 0.27526417 | AF46: 0.64463313 | AG46: 0.39771131 | AH46: 0.54916534 | AI46: 0.39052718 | AL46: {=_xlfn.IFS(AL45="None", $C46:$G50*0, AL45="Horizontal Flip", INDEX($C46:$G50, _xlfn.SEQUENCE(5), 6 - _xlfn.SEQUENCE(1,5)), AL45="Vertical Flip", INDEX($C46:$G50, 6 - _xlfn.SEQUENCE(5), _xlfn.SEQUENCE(1,5)), AL45="180 Rotation", INDEX($C46:$G50, 6 - _xlfn.SEQUENCE(5), 6 - _xlfn.SEQUENCE(1,5)), AL45="90 CW", INDEX($C46:$G50, 6 - _xlfn.SEQUENCE(1,5), _xlfn.SEQUENCE(5)), AL45="90 CCW", INDEX($C46:$G50, _xlfn.SEQUENCE(1,5), 6 - _xlfn.SEQUENCE(5)), AL45="Shift Up", IF(_xlfn.SEQUENCE(5)+1<=5, INDEX($C46:$G50, _xlfn.SEQUENCE(5)+1, _xlfn.SEQUENCE(1,5)), 0), AL45="Shift Down", IF(_xlfn.SEQUENCE(5)-1>=1, INDEX($C46:$G50, _xlfn.SEQUENCE(5)-1, _xlfn.SEQUENCE(1,5)), 0), AL45="Shift Left", IF(_xlfn.SEQUENCE(1,5)+1<=5, INDEX($C46:$G50, _xlfn.SEQUENCE(5), _xlfn.SEQUENCE(1,5)+1),0), AL45= "Shift Right", IF(_xlfn.SEQUENCE(1,5)-1>=1, INDEX($C46:$G50, _xlfn.SEQUENCE(5), _xlfn.SEQUENCE(1,5)-1), 0), AL45="Noise", _xlfn.MAP($C46:$G50 + (_xlfn.RANDARRAY(ROWS($C46:$G50), COLUMNS($C46:$G50)) - 0.5) * 0.4, _xlfn.LAMBDA(_xlpm.x, MAX(0, MIN(1, _xlpm.x)))))} -> 0.2698958 | AM46: 0.35415213 | AN46: 0.41492783 | AO46: 0.30234758 | AP46: 0.27958189 | AS46: {=_xlfn.IFS(AS45="None", $C46:$G50*0, AS45="Horizontal Flip", INDEX($C46:$G50, _xlfn.SEQUENCE(5), 6 - _xlfn.SEQUENCE(1,5)), AS45="Vertical Flip", INDEX($C46:$G50, 6 - _xlfn.SEQUENCE(5), _xlfn.SEQUENCE(1,5)), AS45="180 Rotation", INDEX($C46:$G50, 6 - _xlfn.SEQUENCE(5), 6 - _xlfn.SEQUENCE(1,5)), AS45="90 CW", INDEX($C46:$G50, 6 - _xlfn.SEQUENCE(1,5), _xlfn.SEQUENCE(5)), AS45="90 CCW", INDEX($C46:$G50, _xlfn.SEQUENCE(1,5), 6 - _xlfn.SEQUENCE(5)), AS45="Shift Up", IF(_xlfn.SEQUENCE(5)+1<=5, INDEX($C46:$G50, _xlfn.SEQUENCE(5)+1, _xlfn.SEQUENCE(1,5)), 0), AS45="Shift Down", IF(_xlfn.SEQUENCE(5)-1>=1, INDEX($C46:$G50, _xlfn.SEQUENCE(5)-1, _xlfn.SEQUENCE(1,5)), 0), AS45="Shift Left", IF(_xlfn.SEQUENCE(1,5)+1<=5, INDEX($C46:$G50, _xlfn.SEQUENCE(5), _xlfn.SEQUENCE(1,5)+1),0), AS45= "Shift Right", IF(_xlfn.SEQUENCE(1,5)-1>=1, INDEX($C46:$G50, _xlfn.SEQUENCE(5), _xlfn.SEQUENCE(1,5)-1), 0), AS45="Noise", _xlfn.MAP($C46:$G50 + (_xlfn.RANDARRAY(ROWS($C46:$G50), COLUMNS($C46:$G50)) - 0.5) * 0.4, _xlfn.LAMBDA(_xlpm.x, MAX(0, MIN(1, _xlpm.x)))))} -> 0 | AT46: 0.27958189 | AU46: 1 | AV46: 1 | AW46: 1 | AZ46: {=_xlfn.IFS(AZ45="None", $C46:$G50*0, AZ45="Horizontal Flip", INDEX($C46:$G50, _xlfn.SEQUENCE(5), 6 - _xlfn.SEQUENCE(1,5)), AZ45="Vertical Flip", INDEX($C46:$G50, 6 - _xlfn.SEQUENCE(5), _xlfn.SEQUENCE(1,5)), AZ45="180 Rotation", INDEX($C46:$G50, 6 - _xlfn.SEQUENCE(5), 6 - _xlfn.SEQUENCE(1,5)), AZ45="90 CW", INDEX($C46:$G50, 6 - _xlfn.SEQUENCE(1,5), _xlfn.SEQUENCE(5)), AZ45="90 CCW", INDEX($C46:$G50, _xlfn.SEQUENCE(1,5), 6 - _xlfn.SEQUENCE(5)), AZ45="Shift Up", IF(_xlfn.SEQUENCE(5)+1<=5, INDEX($C46:$G50, _xlfn.SEQUENCE(5)+1, _xlfn.SEQUENCE(1,5)), 0), AZ45="Shift Down", IF(_xlfn.SEQUENCE(5)-1>=1, INDEX($C46:$G50, _xlfn.SEQUENCE(5)-1, _xlfn.SEQUENCE(1,5)), 0), AZ45="Shift Left", IF(_xlfn.SEQUENCE(1,5)+1<=5, INDEX($C46:$G50, _xlfn.SEQUENCE(5), _xlfn.SEQUENCE(1,5)+1),0), AZ45= "Shift Right", IF(_xlfn.SEQUENCE(1,5)-1>=1, INDEX($C46:$G50, _xlfn.SEQUENCE(5), _xlfn.SEQUENCE(1,5)-1), 0), AZ45="Noise", _xlfn.MAP($C46:$G50 + (_xlfn.RANDARRAY(ROWS($C46:$G50), COLUMNS($C46:$G50)) - 0.5) * 0.4, _xlfn.LAMBDA(_xlpm.x, MAX(0, MIN(1, _xlpm.x)))))} -> 1 | BA46: 1 | BB46: 1 | BC46: 0.27526417 | BD46: 0 | BG46: {=_xlfn.IFS(BG45="None", $C46:$G50*0, BG45="Horizontal Flip", INDEX($C46:$G50, _xlfn.SEQUENCE(5), 6 - _xlfn.SEQUENCE(1,5)), BG45="Vertical Flip", INDEX($C46:$G50, 6 - _xlfn.SEQUENCE(5), _xlfn.SEQUENCE(1,5)), BG45="180 Rotation", INDEX($C46:$G50, 6 - _xlfn.SEQUENCE(5), 6 - _xlfn.SEQUENCE(1,5)), BG45="90 CW", INDEX($C46:$G50, 6 - _xlfn.SEQUENCE(1,5), _xlfn.SEQUENCE(5)), BG45="90 CCW", INDEX($C46:$G50, _xlfn.SEQUENCE(1,5), 6 - _xlfn.SEQUENCE(5)), BG45="Shift Up", IF(_xlfn.SEQUENCE(5)+1<=5, INDEX($C46:$G50, _xlfn.SEQUENCE(5)+1, _xlfn.SEQUENCE(1,5)), 0), BG45="Shift Down", IF(_xlfn.SEQUENCE(5)-1>=1, INDEX($C46:$G50, _xlfn.SEQUENCE(5)-1, _xlfn.SEQUENCE(1,5)), 0), BG45="Shift Left", IF(_xlfn.SEQUENCE(1,5)+1<=5, INDEX($C46:$G50, _xlfn.SEQUENCE(5), _xlfn.SEQUENCE(1,5)+1),0), BG45= "Shift Right", IF(_xlfn.SEQUENCE(1,5)-1>=1, INDEX($C46:$G50, _xlfn.SEQUENCE(5), _xlfn.SEQUENCE(1,5)-1), 0), BG45="Noise", _xlfn.MAP($C46:$G50 + (_xlfn.RANDARRAY(ROWS($C46:$G50), COLUMNS($C46:$G50)) - 0.5) * 0.4, _xlfn.LAMBDA(_xlpm.x, MAX(0, MIN(1, _xlpm.x)))))} -> 0.27526417 | BH46: 1 | BI46: 1 | BJ46: 1 | BK46: 0.27958189 | BN46: {=_xlfn.IFS(BN45="None", $C46:$G50*0, BN45="Horizontal Flip", INDEX($C46:$G50, _xlfn.SEQUENCE(5), 6 - _xlfn.SEQUENCE(1,5)), BN45="Vertical Flip", INDEX($C46:$G50, 6 - _xlfn.SEQUENCE(5), _xlfn.SEQUENCE(1,5)), BN45="180 Rotation", INDEX($C46:$G50, 6 - _xlfn.SEQUENCE(5), 6 - _xlfn.SEQUENCE(1,5)), BN45="90 CW", INDEX($C46:$G50, 6 - _xlfn.SEQUENCE(1,5), _xlfn.SEQUENCE(5)), BN45="90 CCW", INDEX($C46:$G50, _xlfn.SEQUENCE(1,5), 6 - _xlfn.SEQUENCE(5)), BN45="Shift Up", IF(_xlfn.SEQUENCE(5)+1<=5, INDEX($C46:$G50, _xlfn.SEQUENCE(5)+1, _xlfn.SEQUENCE(1,5)), 0), BN45="Shift Down", IF(_xlfn.SEQUENCE(5)-1>=1, INDEX($C46:$G50, _xlfn.SEQUENCE(5)-1, _xlfn.SEQUENCE(1,5)), 0), BN45="Shift Left", IF(_xlfn.SEQUENCE(1,5)+1<=5, INDEX($C46:$G50, _xlfn.SEQUENCE(5), _xlfn.SEQUENCE(1,5)+1),0), BN45= "Shift Right", IF(_xlfn.SEQUENCE(1,5)-1>=1, INDEX($C46:$G50, _xlfn.SEQUENCE(5), _xlfn.SEQUENCE(1,5)-1), 0), BN45="Noise", _xlfn.MAP($C46:$G50 + (_xlfn.RANDARRAY(ROWS($C46:$G50), COLUMNS($C46:$G50)) - 0.5) * 0.4, _xlfn.LAMBDA(_xlpm.x, MAX(0, MIN(1, _xlpm.x)))))} -> 0.2698958 | BO46: 1 | BP46: 1 | BQ46: 1 | BR46: 0.39052718 | BU46: {=_xlfn.IFS(BU45="None", $C46:$G50*0, BU45="Horizontal Flip", INDEX($C46:$G50, _xlfn.SEQUENCE(5), 6 - _xlfn.SEQUENCE(1,5)), BU45="Vertical Flip", INDEX($C46:$G50, 6 - _xlfn.SEQUENCE(5), _xlfn.SEQUENCE(1,5)), BU45="180 Rotation", INDEX($C46:$G50, 6 - _xlfn.SEQUENCE(5), 6 - _xlfn.SEQUENCE(1,5)), BU45="90 CW", INDEX($C46:$G50, 6 - _xlfn.SEQUENCE(1,5), _xlfn.SEQUENCE(5)), BU45="90 CCW", INDEX($C46:$G50, _xlfn.SEQUENCE(1,5), 6 - _xlfn.SEQUENCE(5)), BU45="Shift Up", IF(_xlfn.SEQUENCE(5)+1<=5, INDEX($C46:$G50, _xlfn.SEQUENCE(5)+1, _xlfn.SEQUENCE(1,5)), 0), BU45="Shift Down", IF(_xlfn.SEQUENCE(5)-1>=1, INDEX($C46:$G50, _xlfn.SEQUENCE(5)-1, _xlfn.SEQUENCE(1,5)), 0), BU45="Shift Left", IF(_xlfn.SEQUENCE(1,5)+1<=5, INDEX($C46:$G50, _xlfn.SEQUENCE(5), _xlfn.SEQUENCE(1,5)+1),0), BU45= "Shift Right", IF(_xlfn.SEQUENCE(1,5)-1>=1, INDEX($C46:$G50, _xlfn.SEQUENCE(5), _xlfn.SEQUENCE(1,5)-1), 0), BU45="Noise", _xlfn.MAP($C46:$G50 + (_xlfn.RANDARRAY(ROWS($C46:$G50), COLUMNS($C46:$G50)) - 0.5) * 0.4, _xlfn.LAMBDA(_xlpm.x, MAX(0, MIN(1, _xlpm.x)))))} -> 0.39052718 | BV46: 1 | BW46: 1 | BX46: 1 | BY46: 0.2698958
C47: 0.30234758 | D47: 1 | E47: 0.17677269 | F47: 0.61378201 | G47: 0.64463313 | J47: 0.27958189 | K47: 1 | L47: 1 | M47: 1 | N47: 0.27526417 | Q47: 0.3009574 | R47: 1 | S47: 0.11508462 | T47: 0.5752883 | U47: 0.70417473 | X47: 0.41492783 | Y47: 1 | Z47: 1 | AA47: 1 | AB47: 0.39771131 | AE47: 1 | AF47: 0.61378201 | AG47: 1 | AH47: 1 | AI47: 1 | AL47: 1 | AM47: 1 | AN47: 1 | AO47: 1 | AP47: 1 | AS47: 0 | AT47: 0.30234758 | AU47: 1 | AV47: 0.17677269 | AW47: 0.61378201 | AZ47: 1 | BA47: 0.17677269 | BB47: 0.61378201 | BC47: 0.64463313 | BD47: 0 | BG47: 0.64463313 | BH47: 0.61378201 | BI47: 0.17677269 | BJ47: 1 | BK47: 0.30234758 | BN47: 0.35415213 | BO47: 1 | BP47: 0.45663546 | BQ47: 1 | BR47: 0.54916534 | BU47: 0.54916534 | BV47: 1 | BW47: 0.45663546 | BX47: 1 | BY47: 0.35415213
C48: 0.41492783 | D48: 1 | E48: 1 | F48: 1 | G48: 0.39771131 | J48: 0.30234758 | K48: 1 | L48: 0.17677269 | M48: 0.61378201 | N48: 0.64463313 | Q48: 0.30443764 | R48: 0.94622825 | S48: 1 | T48: 0.9198183 | U48: 0.58243676 | X48: 0.35415213 | Y48: 1 | Z48: 0.45663546 | AA48: 1 | AB48: 0.54916534 | AE48: 1 | AF48: 0.17677269 | AG48: 1 | AH48: 0.45663546 | AI48: 1 | AL48: 1 | AM48: 0.45663546 | AN48: 1 | AO48: 0.17677269 | AP48: 1 | AS48: 0 | AT48: 0.41492783 | AU48: 1 | AV48: 1 | AW48: 1 | AZ48: 1 | BA48: 1 | BB48: 1 | BC48: 0.39771131 | BD48: 0 | BG48: 0.39771131 | BH48: 1 | BI48: 1 | BJ48: 1 | BK48: 0.41492783 | BN48: 0.41492783 | BO48: 1 | BP48: 1 | BQ48: 1 | BR48: 0.39771131 | BU48: 0.39771131 | BV48: 1 | BW48: 1 | BX48: 1 | BY48: 0.41492783
C49: 0.35415213 | D49: 1 | E49: 0.45663546 | F49: 1 | G49: 0.54916534 | J49: 0.41492783 | K49: 1 | L49: 1 | M49: 1 | N49: 0.39771131 | Q49: 0.44486783 | R49: 0.81232109 | S49: 0.34806546 | T49: 1 | U49: 0.39600915 | X49: 0.2698958 | Y49: 1 | Z49: 1 | AA49: 1 | AB49: 0.39052718 | AE49: 1 | AF49: 1 | AG49: 1 | AH49: 1 | AI49: 1 | AL49: 1 | AM49: 1 | AN49: 1 | AO49: 0.61378201 | AP49: 1 | AS49: 0 | AT49: 0.35415213 | AU49: 1 | AV49: 0.45663546 | AW49: 1 | AZ49: 1 | BA49: 0.45663546 | BB49: 1 | BC49: 0.54916534 | BD49: 0 | BG49: 0.54916534 | BH49: 1 | BI49: 0.45663546 | BJ49: 1 | BK49: 0.35415213 | BN49: 0.30234758 | BO49: 1 | BP49: 0.17677269 | BQ49: 0.61378201 | BR49: 0.64463313 | BU49: 0.64463313 | BV49: 0.61378201 | BW49: 0.17677269 | BX49: 1 | BY49: 0.30234758
C50: 0.2698958 | D50: 1 | E50: 1 | F50: 1 | G50: 0.39052718 | J50: 0.35415213 | K50: 1 | L50: 0.45663546 | M50: 1 | N50: 0.54916534 | Q50: 0.32944085 | R50: 0.98148527 | S50: 1 | T50: 1 | U50: 0.34493726 | X50: 0 | Y50: 0 | Z50: 0 | AA50: 0 | AB50: 0 | AE50: 0.27958189 | AF50: 0.30234758 | AG50: 0.41492783 | AH50: 0.35415213 | AI50: 0.2698958 | AL50: 0.39052718 | AM50: 0.54916534 | AN50: 0.39771131 | AO50: 0.64463313 | AP50: 0.27526417 | AS50: 0 | AT50: 0.2698958 | AU50: 1 | AV50: 1 | AW50: 1 | AZ50: 1 | BA50: 1 | BB50: 1 | BC50: 0.39052718 | BD50: 0 | BG50: 0.39052718 | BH50: 1 | BI50: 1 | BJ50: 1 | BK50: 0.2698958 | BN50: 0.27958189 | BO50: 1 | BP50: 1 | BQ50: 1 | BR50: 0.27526417 | BU50: 0.27526417 | BV50: 1 | BW50: 1 | BX50: 1 | BY50: 0.27958189
B52: 7 | C52: Original | J52: {=INDEX(Helper!$E$13:$E$22, OFFSET(Helper!$J$13,$B52,J$2))} -> 180 Rotation | Q52: {=INDEX(Helper!$E$13:$E$22, OFFSET(Helper!$J$13,$B52,Q$2))} -> Horizontal Flip | X52: {=INDEX(Helper!$E$13:$E$22, OFFSET(Helper!$J$13,$B52,X$2))} -> Shift Up | AE52: {=INDEX(Helper!$E$13:$E$22, OFFSET(Helper!$J$13,$B52,AE$2))} -> 90 CW | AL52: {=INDEX(Helper!$E$13:$E$22, OFFSET(Helper!$J$13,$B52,AL$2))} -> Vertical Flip | AS52: {=INDEX(Helper!$E$13:$E$22, OFFSET(Helper!$J$13,$B52,AS$2))} -> Shift Right | AZ52: {=INDEX(Helper!$E$13:$E$22, OFFSET(Helper!$J$13,$B52,AZ$2))} -> Shift Left | BG52: {=INDEX(Helper!$E$13:$E$22, OFFSET(Helper!$J$13,$B52,BG$2))} -> Shift Down | BN52: {=INDEX(Helper!$E$13:$E$22, OFFSET(Helper!$J$13,$B52,BN$2))} -> 90 CCW | BU52: {=INDEX(Helper!$E$13:$E$22, OFFSET(Helper!$J$13,$B52,BU$2))} -> Noise
